departure_date,departure_time,Origin,Dest,Carrier,FlightNum,passenger_id
8/19/16,6:00:00,CMH,BOS,WN,642,0
12/12/15,10:15:00,SAN,DEN,WN,869,1
3/24/16,6:30:00,BIL,SLC,DL,1635,2
9/18/16,18:15:00,DLH,ORD,OO,5031,3
7/25/16,7:02:00,FLL,LGA,NK,604,4
12/31/15,12:10:00,ONT,OAK,WN,3356,5
12/31/15,12:10:00,ONT,OAK,WN,3356,5
4/6/16,16:05:00,MIA,LGA,AA,88,6
11/11/15,16:59:00,LGA,IAH,UA,1688,7
3/1/16,8:45:00,IAH,OMA,EV,3701,8
6/30/16,11:55:00,LAS,HOU,WN,921,9
3/23/16,21:40:00,SEA,LAS,AS,608,10
3/30/16,10:27:00,BWI,DFW,NK,667,11
6/28/16,22:10:00,CLT,JFK,AA,1608,12
7/27/16,17:40:00,DFW,PSP,AA,2260,13
4/7/16,19:20:00,DFW,MCO,AA,1688,14
7/7/16,9:18:00,BTR,DFW,EV,2797,15
4/16/16,13:45:00,ATL,PHX,F9,1541,16
4/16/16,13:45:00,ATL,PHX,F9,1541,16
5/12/16,14:00:00,LAX,LAS,AA,170,17
3/16/16,19:02:00,LAX,COS,OO,5317,18
3/16/16,19:02:00,LAX,COS,OO,5317,18
4/15/16,6:09:00,DTW,LGA,NK,316,19
8/29/16,18:35:00,DAY,MDW,WN,3184,20
8/9/16,10:15:00,PHL,CLT,AA,1950,21
3/23/16,16:03:00,SFO,ORD,UA,390,22
11/14/15,14:14:00,ORD,AUS,AA,2298,23
11/14/15,14:14:00,ORD,AUS,AA,2298,23
1/31/16,7:20:00,PIT,PHL,AA,1990,24
5/23/16,7:20:00,BRD,MSP,OO,7423,25
5/23/16,7:20:00,BRD,MSP,OO,7423,25
4/3/16,13:54:00,ATL,CLT,DL,2133,26
4/3/16,13:54:00,ATL,CLT,DL,2133,26
6/14/16,10:20:00,BWI,ISP,WN,667,27
11/1/15,18:50:00,RDU,HOU,WN,64,28
8/24/16,8:21:00,LAS,ORD,NK,446,29
7/21/16,11:50:00,FLL,SJU,WN,694,30
2/6/16,17:40:00,ORD,TYS,EV,3835,31
9/4/16,12:15:00,BOS,PHL,AA,1668,32
2/26/16,7:00:00,DFW,CLE,AA,1331,33
6/14/16,14:01:00,AEX,ATL,EV,5442,34
6/14/16,14:01:00,AEX,ATL,EV,5442,34
4/20/16,13:27:00,CLE,LGA,EV,3770,35
6/15/16,15:00:00,MDW,SEA,WN,1487,36
7/28/16,13:41:00,SAN,DTW,DL,2522,37
8/16/16,13:30:00,DAL,OKC,WN,2100,38
6/9/16,22:55:00,SLC,BWI,DL,669,39
8/29/16,13:20:00,CLT,IAH,AA,657,40
2/12/16,5:55:00,LGA,IAH,UA,657,41
1/4/16,16:25:00,STL,DEN,F9,283,42
1/4/16,16:25:00,STL,DEN,F9,283,42
2/25/16,13:14:00,SFO,EUG,OO,5331,43
9/24/16,9:30:00,SFO,LAS,VX,902,44
9/15/16,11:10:00,LAS,BWI,WN,2630,45
11/20/15,19:00:00,LAX,SBP,OO,5387,46
11/20/15,19:00:00,LAX,SBP,OO,5387,46
9/12/16,16:03:00,LAR,DEN,OO,5105,47
9/12/16,16:03:00,LAR,DEN,OO,5105,47
2/26/16,11:30:00,ICT,LAS,WN,341,48
12/9/15,7:10:00,SEA,SFO,UA,468,49
5/24/16,6:10:00,LGA,MDW,WN,2114,50
5/21/16,12:15:00,ORD,MLI,EV,4234,51
12/26/15,8:00:00,FLL,LGA,DL,970,52
4/12/16,8:50:00,DFW,OKC,AA,1394,53
11/18/15,6:00:00,LEX,ORD,OO,4991,54
8/5/16,17:40:00,LGB,PDX,B6,1822,55
9/14/16,20:45:00,EWR,JAX,EV,3762,56
7/1/16,9:25:00,MKE,SFO,WN,3449,57
2/29/16,20:15:00,DFW,MKE,AA,1234,58
9/5/16,17:00:00,IAH,ATL,DL,2208,59
6/5/16,17:35:00,RNO,OAK,WN,3505,60
5/13/16,7:09:00,MKE,PHX,AA,513,61
6/13/16,15:30:00,PHL,DEN,UA,1968,62
6/13/16,15:30:00,PHL,DEN,UA,1968,62
4/12/16,12:10:00,PHX,MSP,AA,354,63
4/12/16,12:10:00,PHX,MSP,AA,354,63
7/14/16,12:37:00,WYS,SLC,OO,7412,64
7/14/16,12:37:00,WYS,SLC,OO,7412,64
3/22/16,7:09:00,BOS,AUS,B6,1039,65
2/19/16,18:36:00,OGG,HNL,HA,265,66
5/15/16,7:00:00,ORD,MYR,NK,843,67
11/15/15,7:30:00,BDL,DEN,WN,198,68
7/25/16,9:15:00,SFO,JFK,VX,22,69
4/20/16,7:55:00,CLT,BUF,AA,1942,70
1/29/16,13:32:00,ONT,DEN,OO,5162,71
12/2/15,12:30:00,DAY,MSP,OO,4541,72
3/18/16,6:00:00,DAL,HOU,WN,1628,73
3/18/16,6:00:00,DAL,HOU,WN,1628,73
4/4/16,20:55:00,MCO,LAS,F9,1225,74
11/24/15,11:30:00,SFO,AUS,UA,468,75
12/10/15,18:40:00,SNA,PDX,AS,585,76
12/12/15,11:36:00,LAS,DEN,UA,611,77
12/12/15,11:36:00,LAS,DEN,UA,611,77
5/2/16,16:10:00,PHL,SAN,AA,807,78
12/6/15,14:55:00,ABQ,SAN,WN,3009,79
4/14/16,8:12:00,SFO,BOS,UA,768,80
4/2/16,7:45:00,SAN,DEN,WN,3104,81
4/24/16,9:50:00,DAL,DEN,WN,1206,82
4/24/16,9:50:00,DAL,DEN,WN,1206,82
1/18/16,8:30:00,SEA,PSP,AS,544,83
8/29/16,20:35:00,DEN,MSP,UA,669,84
8/29/16,20:35:00,DEN,MSP,UA,669,84
9/9/16,14:40:00,STL,PHX,AA,660,85
6/19/16,6:00:00,DCA,MIA,AA,913,86
11/16/15,9:32:00,FSD,DEN,OO,5162,87
11/16/15,9:32:00,FSD,DEN,OO,5162,87
1/11/16,12:06:00,SDF,EWR,EV,4140,88
3/24/16,11:21:00,SRQ,ATL,DL,2298,89
3/24/16,11:21:00,SRQ,ATL,DL,2298,89
7/31/16,13:36:00,DAY,ORD,EV,3845,90
1/11/16,10:18:00,BNA,DTW,DL,1051,91
2/11/16,17:30:00,JFK,LAS,DL,490,92
7/13/16,23:15:00,LAX,CLE,NK,184,93
5/5/16,16:34:00,MBS,ORD,OO,5045,94
4/14/16,22:11:00,ATL,BOS,DL,2300,95
8/4/16,11:25:00,DEN,LAX,UA,420,96
8/4/16,11:25:00,DEN,LAX,UA,420,96
12/3/15,20:05:00,CLT,GSO,AA,2019,97
6/2/16,9:45:00,DEN,CVG,OO,5626,98
6/2/16,9:45:00,DEN,CVG,OO,5626,98
5/13/16,14:55:00,BWI,SAT,WN,836,99
1/23/16,12:00:00,LGA,DCA,AA,2147,100
9/14/16,21:55:00,SJC,SAN,WN,949,101
8/19/16,23:45:00,LAX,IAD,VX,114,102
11/27/15,7:55:00,MHT,MCO,WN,6513,103
5/29/16,18:10:00,DEN,PIT,WN,3082,104
9/22/16,13:52:00,MSP,PIT,DL,1101,105
11/2/15,10:10:00,SAT,DAL,WN,855,106
9/2/16,16:03:00,DCA,PHL,AA,2041,107
8/22/16,20:40:00,PIT,PHL,AA,1731,108
2/12/16,15:40:00,DAL,DTW,WN,32,109
8/28/16,6:00:00,PDX,ATL,DL,1156,110
12/14/15,16:00:00,SEA,EWR,AS,14,111
12/6/15,6:00:00,ACY,MCO,NK,311,112
11/13/15,5:40:00,BOS,DTW,DL,2079,113
3/25/16,11:00:00,LAS,SEA,AS,619,114
12/10/15,13:53:00,JMS,DVL,OO,5315,115
6/24/16,10:40:00,SAF,DFW,EV,2877,116
8/15/16,20:25:00,LGA,ATL,WN,2356,117
12/4/15,9:43:00,BDL,EWR,EV,6165,118
1/25/16,9:25:00,SFO,IAD,VX,84,119
1/27/16,19:00:00,LGA,DCA,AA,2153,120
5/11/16,8:43:00,DTW,EVV,EV,5454,121
5/11/16,8:43:00,DTW,EVV,EV,5454,121
6/21/16,11:55:00,RSW,JFK,B6,930,122
1/11/16,12:15:00,DFW,FLL,AA,2564,123
1/11/16,12:15:00,DFW,FLL,AA,2564,123
12/22/15,11:17:00,PVD,PHL,AA,1743,124
12/22/15,11:17:00,PVD,PHL,AA,1743,124
2/23/16,11:22:00,DCA,TPA,B6,249,125
2/6/16,23:40:00,PHX,PHL,AA,2026,126
4/18/16,11:15:00,LAX,ATL,DL,1254,127
9/18/16,13:52:00,ATL,EWR,UA,1142,128
6/17/16,7:40:00,LAX,IAH,UA,313,129
6/5/16,17:15:00,ATL,ECP,DL,1403,130
9/17/16,11:25:00,FLL,BNA,WN,1409,131
9/17/16,11:25:00,FLL,BNA,WN,1409,131
6/7/16,18:24:00,BOI,SLC,OO,3548,132
6/7/16,18:24:00,BOI,SLC,OO,3548,132
4/1/16,18:20:00,ABQ,DAL,WN,3166,133
11/23/15,15:34:00,DEN,IAD,UA,652,134
1/17/16,10:40:00,CLE,ORD,EV,5787,135
1/17/16,10:40:00,CLE,ORD,EV,5787,135
5/6/16,10:15:00,BWI,ISP,WN,3711,136
6/12/16,16:08:00,LIH,HNL,HA,354,137
7/22/16,18:30:00,CRP,HOU,WN,54,138
9/27/16,15:40:00,CAK,EWR,EV,4118,139
1/8/16,13:40:00,LAX,LAS,VX,486,140
4/23/16,10:25:00,LAS,LAX,WN,3231,141
4/23/16,10:25:00,LAS,LAX,WN,3231,141
5/4/16,6:55:00,MGM,ATL,EV,5315,142
7/31/16,13:45:00,OTH,DEN,OO,5969,143
7/20/16,18:25:00,AUS,DFW,AA,1221,144
2/10/16,13:22:00,SNA,SFO,OO,6301,145
12/22/15,11:58:00,PHX,ORD,UA,248,146
12/22/15,11:58:00,PHX,ORD,UA,248,146
9/29/16,11:20:00,DEN,EGE,OO,5907,147
9/29/16,11:20:00,DEN,EGE,OO,5907,147
9/16/16,14:27:00,ATL,IAD,UA,427,148
9/16/16,14:27:00,ATL,IAD,UA,427,148
9/5/16,13:35:00,ISN,DEN,OO,5659,149
8/9/16,11:55:00,SFO,LAX,VX,926,150
4/11/16,12:00:00,DCA,ATL,DL,1569,151
5/13/16,9:40:00,BOS,CLT,AA,2044,152
5/26/16,16:30:00,LAX,PDX,DL,1660,153
5/26/16,16:30:00,LAX,PDX,DL,1660,153
7/3/16,17:30:00,ORD,SEA,AA,1085,154
7/3/16,17:30:00,ORD,SEA,AA,1085,154
4/23/16,20:25:00,SLC,LAS,DL,889,155
3/15/16,7:10:00,DFW,MSY,AA,978,156
11/1/15,12:55:00,SFO,LAX,VX,1934,157
5/21/16,10:07:00,OAK,LAX,DL,940,158
5/13/16,9:35:00,LAS,DAL,WN,1316,159
9/26/16,22:25:00,CLT,BNA,AA,2015,160
12/30/15,16:37:00,DEN,ORD,UA,830,161
12/30/15,16:37:00,DEN,ORD,UA,830,161
5/10/16,17:35:00,SAN,SEA,AS,233,162
2/11/16,19:50:00,LGA,MCO,DL,1485,163
4/3/16,11:00:00,MCO,DEN,F9,679,164
8/26/16,10:06:00,MSP,CVG,OO,3555,165
3/28/16,13:00:00,LAS,LAX,VX,1483,166
5/18/16,9:35:00,ORD,SFO,UA,1891,167
12/16/15,16:32:00,FNT,ORD,EV,4165,168
8/2/16,5:35:00,RNO,SFO,OO,5986,169
8/2/16,5:35:00,RNO,SFO,OO,5986,169
1/11/16,11:20:00,MKE,LGA,WN,2245,170
4/28/16,21:27:00,ATL,TUL,DL,1443,171
4/28/16,21:27:00,ATL,TUL,DL,1443,171
8/15/16,20:55:00,LGA,MDW,WN,185,172
12/26/15,11:00:00,CHA,ATL,EV,4873,173
4/24/16,19:31:00,SFO,TUS,OO,5886,174
7/8/16,14:17:00,TYS,ORD,EV,4347,175
7/8/16,14:17:00,TYS,ORD,EV,4347,175
2/13/16,13:25:00,LAS,MDW,WN,2460,176
8/14/16,8:02:00,SLC,SEA,DL,1857,177
4/28/16,18:35:00,LAX,STL,AA,2403,178
11/3/15,18:30:00,BWI,DFW,AA,1106,179
1/5/16,5:55:00,LAX,ATL,WN,546,180
8/20/16,20:10:00,MSP,RST,OO,4453,181
12/1/15,15:45:00,LAX,OAK,WN,765,182
7/16/16,17:25:00,SAN,DAL,WN,3647,183
7/16/16,17:25:00,SAN,DAL,WN,3647,183
8/5/16,17:20:00,MDW,EWR,WN,343,184
12/20/15,8:15:00,CMH,BOS,WN,5949,185
2/21/16,23:55:00,SEA,MSP,AS,28,186
2/21/16,23:55:00,SEA,MSP,AS,28,186
11/10/15,17:40:00,PHX,RNO,AA,523,187
3/29/16,23:15:00,SEA,GEG,AS,698,188
3/7/16,17:25:00,MDW,PHL,WN,805,189
9/13/16,7:00:00,SJC,SEA,WN,3055,190
7/15/16,9:52:00,ORD,SFO,UA,1891,191
4/4/16,15:25:00,CLE,MSP,OO,4827,192
5/27/16,12:55:00,SAN,SJC,WN,254,193
8/21/16,8:00:00,PDX,DEN,WN,966,194
8/21/16,8:00:00,PDX,DEN,WN,966,194
6/16/16,15:32:00,LAX,LAS,NK,720,195
12/5/15,16:49:00,LGA,DTW,NK,711,196
7/14/16,9:50:00,SEA,SFO,VX,753,197
7/14/16,9:50:00,SEA,SFO,VX,753,197
8/4/16,10:08:00,LAW,DFW,EV,2907,198
8/30/16,15:10:00,DEN,COS,OO,5817,199
8/30/16,15:10:00,DEN,COS,OO,5817,199
8/31/16,18:10:00,MDT,ATL,DL,1238,200
4/16/16,6:55:00,LAX,OAK,WN,2798,201
3/12/16,7:25:00,MCO,SLC,DL,1344,202
9/22/16,15:15:00,DCA,OMA,WN,2082,203
4/22/16,12:00:00,PHL,UST,F9,1079,204
6/29/16,16:50:00,AUS,OAK,WN,225,205
6/29/16,16:50:00,AUS,OAK,WN,225,205
11/13/15,8:20:00,ORD,LSE,MQ,3345,206
8/28/16,6:00:00,SAT,LAX,OO,5968,207
3/3/16,7:00:00,OAK,BUR,WN,2941,208
4/8/16,21:05:00,ORD,MKE,OO,5031,209
9/1/16,6:25:00,ATL,LGA,F9,1462,210
11/2/15,22:02:00,ATL,SDF,DL,2491,211
6/15/16,5:25:00,ISP,BWI,WN,452,212
3/2/16,6:15:00,DAL,DEN,WN,974,213
5/4/16,8:15:00,GSO,ATL,DL,1193,214
5/4/16,8:15:00,GSO,ATL,DL,1193,214
4/4/16,22:15:00,DEN,LAX,WN,1268,215
4/4/16,22:15:00,DEN,LAX,WN,1268,215
1/31/16,12:10:00,PWM,BWI,WN,2978,216
1/31/16,12:10:00,PWM,BWI,WN,2978,216
8/29/16,18:00:00,MSP,DTW,DL,1357,217
1/21/16,18:00:00,SJU,BWI,WN,1041,218
1/21/16,18:00:00,SJU,BWI,WN,1041,218
7/26/16,19:10:00,OAK,DEN,WN,1911,219
3/8/16,11:40:00,BHM,DTW,EV,5576,220
8/1/16,16:00:00,BOS,DCA,AA,2119,221
6/11/16,7:15:00,MSP,LAS,DL,1851,222
3/19/16,17:05:00,STT,IAD,UA,1289,223
8/22/16,21:25:00,MCO,SJU,WN,2770,224
8/22/16,21:25:00,MCO,SJU,WN,2770,224
3/3/16,12:25:00,LIT,PHX,WN,1496,225
6/26/16,8:30:00,SFO,PDX,AS,383,226
7/13/16,11:49:00,DEN,PHX,OO,5338,227
7/13/16,11:49:00,DEN,PHX,OO,5338,227
5/22/16,18:19:00,ORD,IAD,UA,381,228
4/12/16,17:30:00,LGA,ATL,DL,847,229
5/1/16,6:49:00,MKE,ORD,OO,2926,230
5/18/16,19:45:00,ATL,MSY,DL,2476,231
1/20/16,21:25:00,MDW,PIT,WN,1170,232
4/23/16,7:00:00,CLT,ATL,DL,800,233
11/8/15,19:55:00,PHX,DEN,AA,494,234
11/8/15,19:55:00,PHX,DEN,AA,494,234
9/28/16,18:05:00,SFO,MSP,OO,5315,235
4/2/16,11:57:00,PHX,JFK,DL,2201,236
1/20/16,19:15:00,ORD,MIA,UA,362,237
1/1/16,14:30:00,RIC,MCO,WN,2108,238
4/16/16,17:35:00,DEN,MOT,OO,5451,239
4/16/16,17:35:00,DEN,MOT,OO,5451,239
8/29/16,14:55:00,CLT,DCA,AA,1938,240
11/23/15,19:30:00,DCA,BOS,AA,2140,241
11/23/15,19:30:00,DCA,BOS,AA,2140,241
7/22/16,10:35:00,SLC,DEN,WN,760,242
6/22/16,8:35:00,ATL,TPA,DL,1085,243
3/20/16,20:05:00,DFW,RIC,AA,1271,244
2/5/16,17:52:00,IAH,SFO,UA,1699,245
11/16/15,17:00:00,ORD,DCA,UA,622,246
12/19/15,10:15:00,DFW,LAS,AA,1398,247
12/19/15,10:15:00,DFW,LAS,AA,1398,247
12/21/15,11:15:00,MSP,MDW,WN,849,248
7/31/16,6:12:00,MSN,EWR,EV,4425,249
6/14/16,9:05:00,PHX,BOS,AA,646,250
11/26/15,9:55:00,DEN,MAF,OO,5327,251
5/4/16,10:55:00,MDW,HOU,WN,2942,252
5/4/16,10:55:00,MDW,HOU,WN,2942,252
6/24/16,7:00:00,TPA,FLL,NK,610,253
6/24/16,7:00:00,TPA,FLL,NK,610,253
8/19/16,14:00:00,SMF,LAS,WN,2675,254
3/26/16,10:10:00,AZO,DTW,OO,4458,255
9/10/16,12:15:00,DTW,DAY,OO,4442,256
7/26/16,11:05:00,ACV,SFO,OO,5349,257
9/20/16,8:05:00,OAK,STL,WN,186,258
4/15/16,19:08:00,ALB,CLT,AA,2070,259
7/12/16,9:45:00,BWI,MCO,WN,1128,260
9/7/16,12:08:00,BDL,TPA,B6,533,261
9/7/16,12:08:00,BDL,TPA,B6,533,261
2/10/16,10:55:00,TUL,DFW,AA,391,262
3/15/16,16:07:00,FSD,DEN,OO,5843,263
8/28/16,12:55:00,SFO,SBP,OO,5091,264
3/4/16,18:20:00,CLT,BDL,AA,1754,265
1/30/16,10:15:00,PBI,ISP,WN,2378,266
1/30/16,10:15:00,PBI,ISP,WN,2378,266
6/15/16,11:40:00,IAH,MTJ,EV,4167,267
11/10/15,6:40:00,PHL,ORD,UA,601,268
9/18/16,13:00:00,IAH,TYS,EV,4207,269
8/27/16,10:05:00,ATL,LFT,EV,5597,270
8/13/16,17:15:00,ATL,CLT,AA,1860,271
9/22/16,19:30:00,ATL,RSW,WN,931,272
5/2/16,13:45:00,LAS,SAN,WN,1128,273
8/31/16,8:20:00,MCI,DAL,WN,1766,274
8/21/16,13:25:00,LAX,BOS,VX,366,275
3/25/16,19:10:00,BHM,HOU,WN,2696,276
3/8/16,14:00:00,OAK,ONT,WN,1007,277
12/12/15,7:33:00,MCI,DFW,AA,1224,278
6/15/16,13:50:00,EWR,MCO,WN,1373,279
7/7/16,8:35:00,DTW,LAS,DL,1840,280
5/15/16,7:05:00,DFW,CLT,AA,2064,281
5/15/16,7:05:00,DFW,CLT,AA,2064,281
2/24/16,19:25:00,IAH,BWI,UA,1851,282
5/16/16,18:05:00,PSP,PHX,OO,2953,283
5/23/16,15:05:00,MSP,RAP,OO,4686,284
5/23/16,15:05:00,MSP,RAP,OO,4686,284
5/27/16,6:30:00,SAN,SEA,AS,499,285
5/27/16,6:30:00,SAN,SEA,AS,499,285
8/13/16,10:05:00,SFO,LGB,B6,735,286
6/9/16,18:15:00,OAK,SAN,WN,1996,287
4/26/16,11:50:00,DFW,BOS,AA,1094,288
8/9/16,18:55:00,BNA,ECP,WN,2242,289
4/9/16,7:17:00,MIA,DEN,AA,2443,290
2/9/16,13:55:00,BWI,PVD,WN,887,291
6/29/16,17:20:00,PIT,ATL,WN,2790,292
1/15/16,21:05:00,JFK,LAX,DL,427,293
12/25/15,14:10:00,SJU,MIA,AA,397,294
4/4/16,11:46:00,DTW,LAS,DL,2317,295
7/9/16,8:30:00,LAX,BOS,DL,38,296
3/28/16,12:32:00,DEN,COS,OO,5815,297
4/16/16,11:30:00,SEA,JFK,DL,2413,298
8/5/16,20:05:00,FLL,ATL,DL,2334,299
6/29/16,5:16:00,EWR,IAH,UA,1161,300
12/15/15,7:30:00,MCI,MCO,WN,326,301
12/16/15,14:45:00,LAX,SFO,VX,1943,302
4/3/16,16:25:00,OAK,LAX,WN,1506,303
12/9/15,5:15:00,PDX,PHX,AA,610,304
12/9/15,5:15:00,PDX,PHX,AA,610,304
2/18/16,13:59:00,CLT,ORD,OO,5711,305
9/9/16,8:35:00,BWI,CLT,WN,1092,306
2/5/16,21:57:00,EWR,BUF,EV,4462,307
7/8/16,22:20:00,LAS,PHX,WN,341,308
9/3/16,11:35:00,SFO,DFW,AA,417,309
9/7/16,9:40:00,DCA,DTW,DL,568,310
2/12/16,15:05:00,MCO,SJU,WN,1806,311
9/26/16,18:57:00,ATL,SLC,DL,2164,312
5/30/16,20:25:00,ORD,MCI,AA,2667,313
11/5/15,12:36:00,FAT,DFW,AA,1654,314
11/19/15,7:55:00,MKE,MCI,WN,1027,315
1/20/16,13:15:00,FLL,TPA,WN,4577,316
1/20/16,13:15:00,FLL,TPA,WN,4577,316
2/7/16,15:02:00,ORD,MCO,AA,1618,317
4/12/16,12:00:00,SLC,PHX,DL,1748,318
4/12/16,12:00:00,SLC,PHX,DL,1748,318
3/9/16,17:50:00,LGA,DFW,AA,1139,319
9/4/16,16:15:00,MCI,DEN,WN,2556,320
9/3/16,12:55:00,SAN,BNA,WN,5151,321
1/9/16,18:40:00,MIA,MCO,DL,197,322
3/18/16,13:22:00,ATL,CLE,DL,2216,323
7/19/16,17:45:00,EWR,GRR,EV,3885,324
12/9/15,7:00:00,PVD,DTW,DL,2490,325
12/9/15,7:00:00,PVD,DTW,DL,2490,325
12/4/15,6:00:00,AMA,DAL,WN,2174,326
12/4/15,6:00:00,AMA,DAL,WN,2174,326
8/11/16,11:15:00,PBI,HPN,B6,1168,327
8/11/16,11:15:00,PBI,HPN,B6,1168,327
11/29/15,17:50:00,DEN,IND,UA,493,328
6/5/16,6:54:00,MDT,ORD,UA,287,329
9/20/16,11:30:00,LGA,CLT,AA,557,330
9/26/16,15:55:00,PDX,DEN,WN,169,331
3/25/16,19:20:00,BUR,SJC,WN,4596,332
2/26/16,10:00:00,EWR,SFO,UA,1991,333
2/26/16,10:00:00,EWR,SFO,UA,1991,333
12/9/15,8:55:00,OAK,ONT,WN,3165,334
7/12/16,21:25:00,SNA,SFO,WN,570,335
9/9/16,16:36:00,DEN,DFW,AA,2654,336
3/16/16,11:35:00,ATL,TPA,DL,1373,337
3/16/16,11:35:00,ATL,TPA,DL,1373,337
7/15/16,17:25:00,LAX,SEA,AS,457,338
7/15/16,17:25:00,LAX,SEA,AS,457,338
2/11/16,8:38:00,SLC,SNA,OO,4797,339
1/11/16,8:45:00,MDW,PDX,WN,2119,340
1/11/16,8:45:00,MDW,PDX,WN,2119,340
1/18/16,10:45:00,DFW,LAX,AA,2425,341
4/22/16,6:30:00,BOS,PIT,B6,1285,342
11/2/15,15:40:00,MIA,RDU,AA,1521,343
11/10/15,11:00:00,LGA,CLE,EV,4195,344
11/10/15,11:00:00,LGA,CLE,EV,4195,344
11/11/15,13:00:00,LAX,ORD,AA,1307,345
9/16/16,12:00:00,LGA,BOS,AA,2168,346
8/7/16,21:15:00,LAX,MCO,AA,163,347
6/14/16,7:35:00,SLC,DEN,WN,3194,348
8/10/16,7:59:00,LGA,CLT,AA,885,349
8/10/16,7:59:00,LGA,CLT,AA,885,349
2/16/16,5:45:00,PHL,MDW,WN,1084,350
11/25/15,16:41:00,AUS,EWR,UA,1451,351
11/25/15,16:41:00,AUS,EWR,UA,1451,351
1/7/16,18:25:00,OKC,ATL,DL,2483,352
3/10/16,7:57:00,KOA,HNL,HA,337,353
3/10/16,7:57:00,KOA,HNL,HA,337,353
1/22/16,13:47:00,ORD,ROC,UA,2004,354
7/27/16,17:22:00,EWR,SEA,UA,1696,355
5/15/16,22:20:00,CLT,SYR,AA,1971,356
8/8/16,5:20:00,JNU,SEA,AS,176,357
8/25/16,20:15:00,HOU,SAT,WN,1732,358
11/5/15,7:00:00,CLE,LAX,UA,1509,359
3/12/16,23:59:00,LAX,SAT,OO,5513,360
3/12/16,23:59:00,LAX,SAT,OO,5513,360
8/11/16,18:25:00,LAX,STL,AA,2403,361
8/11/16,18:25:00,LAX,STL,AA,2403,361
9/3/16,14:10:00,SEA,KTN,AS,197,362
9/3/16,14:10:00,SEA,KTN,AS,197,362
8/23/16,19:15:00,BWI,ATL,DL,1525,363
3/5/16,9:00:00,SAT,DEN,OO,5806,364
7/15/16,16:30:00,CLT,TPA,AA,1791,365
7/15/16,16:30:00,CLT,TPA,AA,1791,365
5/25/16,11:30:00,BUR,SMF,WN,3910,366
6/29/16,9:10:00,ORD,SFO,UA,769,367
2/13/16,16:00:00,MGM,ATL,EV,5183,368
8/27/16,7:45:00,SEA,SNA,AS,506,369
8/6/16,6:12:00,OGG,HNL,HA,205,370
7/22/16,6:22:00,PSP,SLC,OO,4762,371
7/22/16,6:22:00,PSP,SLC,OO,4762,371
8/18/16,19:39:00,JFK,RNO,B6,81,372
11/30/15,19:50:00,DEN,SFO,WN,1083,373
11/30/15,19:50:00,DEN,SFO,WN,1083,373
7/4/16,7:58:00,BNA,EWR,EV,3849,374
12/10/15,17:33:00,MLU,ATL,EV,5526,375
8/4/16,5:05:00,DFW,CLT,AA,1982,376
8/26/16,7:55:00,SMF,IAD,UA,822,377
11/26/15,9:25:00,LAS,BOI,WN,6002,378
11/6/15,14:44:00,ATL,HPN,EV,5141,379
7/19/16,20:06:00,ATL,PHL,DL,2094,380
8/25/16,13:45:00,ICT,DEN,UA,216,381
8/27/16,16:45:00,LAX,STL,AA,1440,382
4/3/16,22:51:00,PHX,SMF,AA,2183,383
8/30/16,16:55:00,LAX,PIT,WN,2333,384
8/4/16,19:40:00,DCA,TPA,B6,549,385
12/10/15,15:54:00,PHX,DCA,AA,498,386
3/11/16,22:15:00,DFW,SAN,AA,1196,387
3/11/16,22:15:00,DFW,SAN,AA,1196,387
7/19/16,18:50:00,SLC,PHX,WN,5655,388
4/29/16,7:05:00,MEM,MSP,DL,1656,389
7/12/16,17:50:00,SJC,DEN,UA,493,390
7/12/16,17:50:00,SJC,DEN,UA,493,390
8/15/16,16:05:00,TUS,DEN,WN,572,391
9/26/16,15:00:00,ALB,BWI,WN,560,392
4/10/16,19:30:00,DAL,SNA,WN,4168,393
4/10/16,19:30:00,DAL,SNA,WN,4168,393
7/26/16,8:35:00,PHX,ABQ,WN,1636,394
6/2/16,18:40:00,DFW,TLH,EV,2891,395
9/20/16,9:50:00,CLT,BDL,AA,1756,396
3/29/16,14:13:00,EKO,SLC,OO,7438,397
5/23/16,5:30:00,BOS,ORD,AA,1155,398
6/6/16,8:15:00,AUS,SLC,DL,1444,399
11/18/15,20:26:00,DTW,ALB,DL,788,400
3/26/16,14:35:00,CHS,BWI,WN,4092,401
1/22/16,20:00:00,PHX,SAN,WN,1598,402
2/24/16,9:06:00,EWR,DCA,EV,3713,403
6/29/16,6:35:00,PDX,BUR,OO,3456,404
6/29/16,6:35:00,PDX,BUR,OO,3456,404
11/22/15,11:15:00,SJC,SAN,WN,421,405
11/22/15,11:15:00,SJC,SAN,WN,421,405
12/3/15,8:51:00,LFT,IAH,OO,6430,406
12/3/15,8:51:00,LFT,IAH,OO,6430,406
6/17/16,22:20:00,DFW,BTR,EV,2901,407
1/2/16,21:49:00,MIA,SEA,AA,2507,408
3/16/16,9:55:00,MKE,MCO,WN,3814,409
1/28/16,7:30:00,BOS,LGA,DL,2677,410
12/25/15,11:07:00,LAX,HNL,UA,708,411
1/27/16,20:35:00,SFO,LAX,AA,209,412
6/23/16,11:40:00,TYS,ORD,EV,2798,413
6/23/16,11:40:00,TYS,ORD,EV,2798,413
11/20/15,12:40:00,EWR,BTV,EV,4374,414
11/9/15,15:29:00,MKE,MSP,DL,1944,415
12/20/15,6:15:00,MSO,SEA,OO,4642,416
2/3/16,9:55:00,AUS,DEN,WN,342,417
4/4/16,13:51:00,IAH,MCO,UA,1252,418
5/3/16,18:45:00,LGA,MYR,NK,347,419
9/9/16,22:10:00,BWI,ROC,WN,1026,420
2/27/16,5:58:00,GRK,ATL,EV,5147,421
1/6/16,17:10:00,IND,ATL,WN,2182,422
5/2/16,9:20:00,MSP,DEN,DL,1708,423
2/15/16,6:01:00,HSV,IAH,EV,4371,424
12/11/15,7:00:00,MCO,LGA,DL,943,425
9/9/16,8:48:00,BWI,LAX,NK,141,426
2/1/16,6:05:00,BNA,ORD,OO,4996,427
6/6/16,7:02:00,ATL,ORD,NK,550,428
5/26/16,19:00:00,DEN,BWI,WN,1977,429
5/26/16,19:00:00,DEN,BWI,WN,1977,429
7/19/16,15:11:00,ATL,PWM,DL,1132,430
9/1/16,18:00:00,MCO,MDW,WN,1716,431
11/28/15,22:55:00,LAS,RNO,WN,2969,432
8/27/16,9:55:00,JAX,DEN,WN,3398,433
5/24/16,14:35:00,MDW,DCA,WN,2304,434
5/24/16,14:35:00,MDW,DCA,WN,2304,434
1/9/16,11:15:00,SLC,SUN,OO,4610,435
4/5/16,13:52:00,ATL,CLT,AA,2056,436
4/5/16,13:52:00,ATL,CLT,AA,2056,436
1/7/16,7:05:00,LGA,MIA,DL,2156,437
3/2/16,9:45:00,BWI,BNA,WN,2974,438
4/14/16,16:43:00,SEA,SLC,DL,1883,439
4/14/16,16:43:00,SEA,SLC,DL,1883,439
1/6/16,10:35:00,ATL,CLE,DL,1474,440
1/6/16,10:35:00,ATL,CLE,DL,1474,440
4/30/16,17:20:00,FLL,PVD,WN,946,441
7/22/16,12:29:00,DFW,AUS,AA,2222,442
12/10/15,10:10:00,DEN,MSP,WN,735,443
12/16/15,6:30:00,FAR,DFW,MQ,3198,444
12/16/15,6:30:00,FAR,DFW,MQ,3198,444
8/27/16,10:50:00,ORD,MCO,NK,927,445
4/12/16,14:40:00,DCA,EWR,EV,4155,446
4/6/16,9:25:00,SAN,DFW,AA,2491,447
6/27/16,13:48:00,HNL,KOA,HA,158,448
2/18/16,12:25:00,DFW,LAS,AA,670,449
11/15/15,23:55:00,LAX,MIA,AA,1538,450
8/29/16,11:00:00,CLE,DEN,UA,1750,451
11/28/15,18:25:00,JFK,SAT,DL,2826,452
12/2/15,11:50:00,PHX,SNA,WN,495,453
12/2/15,11:50:00,PHX,SNA,WN,495,453
5/27/16,18:26:00,SNA,SLC,OO,4743,454
7/29/16,22:16:00,MSP,MSO,DL,1787,455
7/29/16,22:16:00,MSP,MSO,DL,1787,455
12/29/15,9:05:00,MKE,ORD,OO,5409,456
6/29/16,15:10:00,ATL,GTR,EV,5528,457
7/6/16,19:40:00,LAX,SEA,AA,2588,458
9/12/16,15:30:00,IND,CLT,AA,1840,459
9/12/16,15:30:00,IND,CLT,AA,1840,459
5/20/16,20:16:00,EWR,SAN,UA,678,460
11/3/15,8:49:00,OGG,HNL,HA,145,461
12/18/15,11:30:00,BUF,TPA,WN,412,462
1/18/16,20:20:00,PBI,BOS,B6,122,463
11/21/15,13:30:00,MDW,BDL,WN,3120,464
4/30/16,11:22:00,DEN,LGA,UA,556,465
2/8/16,7:35:00,DAL,FLL,WN,1109,466
9/22/16,9:55:00,MKE,BOS,WN,823,467
6/22/16,18:50:00,FLL,HPN,B6,814,468
6/22/16,18:50:00,FLL,HPN,B6,814,468
1/21/16,10:37:00,IAH,BNA,EV,4393,469
4/17/16,13:45:00,ORD,PWM,EV,4035,470
2/9/16,17:25:00,MDW,PHL,WN,805,471
1/28/16,17:30:00,DAL,LAS,WN,1670,472
3/13/16,9:56:00,ATL,BWI,DL,2125,473
5/8/16,13:40:00,MCO,BOS,B6,452,474
3/7/16,20:10:00,BOS,DTW,B6,1837,475
3/7/16,20:10:00,BOS,DTW,B6,1837,475
9/27/16,10:05:00,LGA,ORD,UA,1888,476
7/28/16,15:25:00,BUR,SMF,WN,234,477
7/28/16,15:25:00,BUR,SMF,WN,234,477
11/7/15,12:44:00,HNL,LIH,HA,203,478
11/14/15,10:56:00,OGG,HNL,HA,199,479
11/14/15,10:56:00,OGG,HNL,HA,199,479
7/22/16,17:15:00,SFO,SNA,WN,2620,480
2/10/16,9:30:00,BOS,RIC,B6,1081,481
12/13/15,22:06:00,ORD,COU,MQ,3343,482
7/23/16,7:46:00,MEI,DFW,EV,2866,483
8/22/16,18:30:00,DFW,BNA,AA,1396,484
5/26/16,1:05:00,ONT,DFW,AA,2542,485
6/18/16,17:10:00,SFO,LAS,VX,912,486
11/18/15,19:25:00,PNS,BNA,WN,4050,487
5/15/16,12:54:00,ATL,AEX,EV,5442,488
5/15/16,12:54:00,ATL,AEX,EV,5442,488
9/21/16,11:30:00,CLT,BOS,AA,1937,489
3/19/16,9:51:00,ATL,PBI,DL,845,490
3/19/16,9:51:00,ATL,PBI,DL,845,490
4/25/16,8:15:00,SJC,LAS,WN,421,491
5/11/16,15:08:00,DSM,ORD,UA,313,492
5/28/16,8:35:00,SAN,BOS,AS,798,493
6/1/16,14:17:00,IND,ATL,DL,1613,494
7/18/16,17:08:00,MKE,CVG,OO,4605,495
2/3/16,6:45:00,LRD,DFW,EV,2773,496
8/14/16,6:11:00,SAT,SFO,UA,1270,497
8/14/16,6:11:00,SAT,SFO,UA,1270,497
2/29/16,12:50:00,IAH,TUL,EV,4411,498
2/29/16,12:50:00,IAH,TUL,EV,4411,498
4/19/16,12:00:00,EWR,LAX,UA,1182,499
7/23/16,12:06:00,JFK,BOS,B6,1318,500
5/7/16,13:10:00,BOS,DFW,AA,1211,501
7/27/16,7:25:00,DFW,BOS,AA,1211,502
7/27/16,7:25:00,DFW,BOS,AA,1211,502
1/18/16,15:45:00,MCO,SJU,B6,733,503
1/14/16,17:45:00,IND,MCO,WN,293,504
7/27/16,16:25:00,DEN,ICT,UA,1841,505
4/26/16,14:02:00,MIA,LAX,AA,287,506
3/30/16,15:55:00,EWR,MDW,WN,4879,507
7/9/16,17:35:00,STL,TPA,WN,5601,508
11/18/15,14:13:00,EKO,SLC,OO,7438,509
9/28/16,6:10:00,RDU,MDW,WN,2938,510
8/15/16,7:55:00,ATL,MSY,DL,1970,511
4/22/16,9:00:00,SAT,BWI,WN,126,512
4/23/16,7:30:00,DEN,BNA,F9,238,513
4/23/16,7:30:00,DEN,BNA,F9,238,513
11/21/15,13:45:00,MDW,FLL,WN,3571,514
7/13/16,0:40:00,SEA,PHL,AA,855,515
4/11/16,16:10:00,BWI,PVD,WN,882,516
1/8/16,9:48:00,DEN,TPA,UA,623,517
5/24/16,18:39:00,LAX,FAT,OO,5410,518
5/20/16,7:00:00,BOS,LAS,B6,1077,519
4/25/16,18:40:00,PHX,SAN,WN,1121,520
4/25/16,18:40:00,PHX,SAN,WN,1121,520
3/31/16,21:01:00,ORD,MKE,OO,5031,521
8/6/16,19:05:00,DEN,ANC,UA,445,522
12/30/15,5:45:00,LAX,CLT,AA,2068,523
7/23/16,10:25:00,SJT,DFW,EV,2830,524
5/26/16,18:15:00,DFW,MIA,AA,2329,525
5/26/16,18:15:00,DFW,MIA,AA,2329,525
1/21/16,7:00:00,ORD,SNA,AA,114,526
4/11/16,7:35:00,PIT,ATL,WN,277,527
5/29/16,15:30:00,LGA,DAL,VX,719,528
3/31/16,7:15:00,MCO,JFK,DL,2058,529
3/31/16,7:15:00,MCO,JFK,DL,2058,529
4/26/16,13:05:00,MSP,SBN,OO,3552,530
5/27/16,15:26:00,ATL,MDT,DL,1238,531
8/5/16,6:45:00,CHA,ATL,DL,1958,532
7/18/16,10:45:00,DTW,ORD,OO,5767,533
8/14/16,14:31:00,DCA,MIA,AA,1202,534
8/29/16,9:00:00,LGB,SEA,B6,406,535
6/5/16,18:30:00,DFW,ATL,DL,1810,536
3/10/16,23:55:00,SFO,ORD,AA,1522,537
3/10/16,23:55:00,SFO,ORD,AA,1522,537
5/21/16,14:25:00,STL,MDW,WN,341,538
3/19/16,7:15:00,DTW,PHX,AA,1743,539
3/19/16,7:15:00,DTW,PHX,AA,1743,539
6/30/16,12:15:00,DFW,PHX,AA,694,540
2/6/16,15:48:00,TUL,ATL,DL,1278,541
12/3/15,8:35:00,SAT,MCO,WN,454,542
5/16/16,14:25:00,SAN,SAT,WN,2786,543
12/13/15,10:25:00,ATL,GRK,EV,5165,544
12/13/15,10:25:00,ATL,GRK,EV,5165,544
3/18/16,17:51:00,CLT,TPA,AA,1829,545
3/7/16,16:55:00,LAX,HNL,AA,297,546
8/3/16,7:50:00,BWI,PHX,WN,3485,547
8/3/16,7:50:00,BWI,PHX,WN,3485,547
12/10/15,17:30:00,AUS,SFO,VX,221,548
12/10/15,17:30:00,AUS,SFO,VX,221,548
6/14/16,18:55:00,ATL,SHV,EV,5324,549
9/28/16,19:53:00,JFK,PDX,B6,1205,550
8/30/16,12:00:00,DAL,STL,WN,1183,551
8/30/16,12:00:00,DAL,STL,WN,1183,551
2/6/16,7:50:00,RNO,SAN,WN,2981,552
2/1/16,19:45:00,CLT,ATL,DL,1407,553
12/19/15,5:20:00,VPS,ATL,DL,2517,554
12/19/15,5:20:00,VPS,ATL,DL,2517,554
2/8/16,20:55:00,LGA,GRR,EV,4904,555
5/30/16,6:55:00,DCA,MCI,WN,6772,556
9/15/16,0:55:00,LAS,IAH,F9,1110,557
9/15/16,0:55:00,LAS,IAH,F9,1110,557
3/20/16,18:15:00,SFO,AUS,UA,375,558
5/2/16,6:38:00,IAD,LAX,UA,319,559
2/14/16,18:40:00,MCI,DCA,WN,2085,560
6/17/16,7:45:00,FLL,ATL,DL,1927,561
6/17/16,7:45:00,FLL,ATL,DL,1927,561
1/22/16,7:19:00,IAH,LIT,EV,4168,562
1/25/16,12:40:00,DCA,BNA,WN,513,563
1/25/16,12:40:00,DCA,BNA,WN,513,563
3/17/16,19:10:00,EWR,FLL,UA,1774,564
3/15/16,15:35:00,SLC,BZN,OO,4649,565
5/15/16,20:59:00,LGB,SLC,B6,2132,566
1/8/16,6:45:00,PHL,PHX,AA,561,567
4/19/16,10:55:00,LAX,SJC,WN,2410,568
8/12/16,7:35:00,BDL,MCO,WN,1992,569
7/3/16,12:05:00,OKC,HOU,WN,6442,570
7/3/16,12:05:00,OKC,HOU,WN,6442,570
8/10/16,9:00:00,LAX,JFK,AA,2,571
9/21/16,11:14:00,MSP,ATL,DL,2825,572
7/9/16,11:05:00,ATL,VPS,EV,5420,573
6/23/16,15:10:00,SJU,STX,B6,340,574
6/16/16,8:20:00,PHX,ONT,WN,3445,575
4/18/16,7:45:00,RSW,IND,WN,1799,576
4/22/16,18:55:00,PNS,BNA,WN,3197,577
3/1/16,20:15:00,CLT,MIA,AA,1919,578
2/3/16,19:45:00,STL,BOS,WN,271,579
12/15/15,11:45:00,PHX,SJC,WN,845,580
1/20/16,10:19:00,AZO,DTW,EV,4903,581
11/16/15,8:05:00,ATL,FLL,DL,2226,582
2/15/16,16:25:00,HNL,SAN,AS,892,583
7/11/16,12:50:00,DAL,PHL,WN,1187,584
7/11/16,12:50:00,DAL,PHL,WN,1187,584
3/27/16,18:40:00,LAX,SEA,DL,1384,585
11/15/15,10:05:00,DEN,CLT,OO,6391,586
11/15/15,10:05:00,DEN,CLT,OO,6391,586
5/16/16,16:25:00,TUS,DEN,WN,2526,587
3/22/16,19:16:00,ATL,SDF,DL,1205,588
3/22/16,19:16:00,ATL,SDF,DL,1205,588
11/8/15,15:45:00,MSY,ORD,UA,499,589
2/11/16,23:15:00,SEA,MIA,AA,1070,590
6/7/16,15:19:00,CLE,ORD,UA,1449,591
5/25/16,19:15:00,SMF,PHX,AA,564,592
5/25/16,19:15:00,SMF,PHX,AA,564,592
6/7/16,10:42:00,RSW,ORD,NK,220,593
9/20/16,17:31:00,DCA,JFK,AA,104,594
2/15/16,10:57:00,SFO,IAD,UA,309,595
4/16/16,13:50:00,IAG,MYR,NK,289,596
11/1/15,22:12:00,ATL,TRI,DL,1529,597
11/1/15,22:12:00,ATL,TRI,DL,1529,597
1/4/16,14:35:00,PHX,DEN,WN,2029,598
2/13/16,11:15:00,SNA,OAK,WN,1144,599
8/11/16,20:15:00,BWI,ALB,WN,437,600
11/5/15,21:12:00,ATL,GRR,DL,1433,601
8/19/16,10:01:00,SJC,LAX,DL,1458,602
4/13/16,9:35:00,ECP,BNA,WN,3800,603
4/13/16,9:35:00,ECP,BNA,WN,3800,603
5/15/16,18:00:00,DCA,LGA,AA,2167,604
4/3/16,8:10:00,ATL,VPS,EV,5224,605
3/16/16,13:55:00,ATL,MCO,DL,1058,606
3/16/16,13:55:00,ATL,MCO,DL,1058,606
1/8/16,18:00:00,FAT,SAN,OO,3471,607
1/9/16,14:20:00,SFO,PHX,WN,22,608
4/30/16,19:15:00,DTW,SLC,DL,1809,609
4/30/16,19:15:00,DTW,SLC,DL,1809,609
11/2/15,7:10:00,CLE,PHX,AA,625,610
6/3/16,9:12:00,ORD,OMA,UA,1038,611
6/3/16,9:12:00,ORD,OMA,UA,1038,611
8/1/16,13:35:00,SAN,ORD,UA,1613,612
8/1/16,13:00:00,LIH,SFO,UA,1152,613
12/12/15,8:13:00,ABI,DFW,MQ,3176,614
12/12/15,8:13:00,ABI,DFW,MQ,3176,614
5/22/16,12:05:00,OGG,HNL,HA,185,615
5/22/16,12:05:00,OGG,HNL,HA,185,615
6/13/16,16:06:00,ATL,HPN,EV,5378,616
11/26/15,12:30:00,DEN,CID,OO,6199,617
7/23/16,22:15:00,CLT,MSP,AA,2039,618
5/2/16,13:20:00,OAK,LAX,WN,2710,619
5/2/16,13:20:00,OAK,LAX,WN,2710,619
6/1/16,15:00:00,BWI,RDU,WN,4052,620
1/29/16,6:00:00,CLE,EWR,EV,4147,621
8/13/16,16:55:00,STL,PDX,OO,3431,622
9/30/16,17:55:00,RDU,CLT,AA,2083,623
5/26/16,8:20:00,IAD,MCO,UA,379,624
5/26/16,8:20:00,IAD,MCO,UA,379,624
5/17/16,8:29:00,JFK,STT,AA,196,625
5/17/16,8:29:00,JFK,STT,AA,196,625
2/17/16,6:20:00,DEN,DAL,WN,2939,626
3/12/16,7:00:00,BTR,ATL,EV,5288,627
3/12/16,7:00:00,BTR,ATL,EV,5288,627
5/13/16,6:20:00,TPA,HOU,WN,1586,628
5/21/16,12:05:00,OGG,HNL,HA,185,629
6/12/16,14:35:00,BUR,DEN,WN,853,630
6/10/16,11:05:00,PHL,ORD,AA,1185,631
3/24/16,11:13:00,MSY,DTW,NK,810,632
4/22/16,6:39:00,BNA,CVG,OO,4811,633
1/15/16,14:50:00,MCI,BNA,WN,244,634
5/2/16,9:14:00,JFK,PBI,B6,753,635
5/25/16,11:23:00,VPS,IAH,EV,4445,636
1/21/16,11:00:00,SFO,SUN,OO,6396,637
6/27/16,6:22:00,MEM,ORD,OO,5580,638
9/5/16,10:50:00,MSP,JFK,DL,413,639
4/18/16,13:42:00,IAH,CAE,EV,4014,640
9/24/16,12:54:00,IAH,DCA,UA,1191,641
6/11/16,20:50:00,DTW,PHX,AA,2067,642
9/28/16,18:15:00,ORD,EWR,UA,330,643
7/25/16,13:15:00,OGG,SEA,AS,820,644
7/3/16,10:05:00,SLC,DEN,OO,5472,645
8/20/16,14:31:00,DCA,MIA,AA,1202,646
8/20/16,14:31:00,DCA,MIA,AA,1202,646
8/19/16,14:08:00,DTW,BOS,DL,702,647
2/25/16,5:02:00,HNL,KOA,HA,108,648
12/10/15,14:27:00,STL,ORD,OO,6480,649
1/20/16,21:31:00,JFK,IAD,B6,1507,650
9/30/16,8:05:00,PHX,SJC,WN,3215,651
9/30/16,8:05:00,PHX,SJC,WN,3215,651
1/27/16,10:40:00,PIT,MDW,WN,453,652
1/27/16,10:40:00,PIT,MDW,WN,453,652
11/2/15,15:50:00,CMH,BOS,WN,210,653
11/2/15,15:50:00,CMH,BOS,WN,210,653
4/21/16,21:55:00,DFW,LRD,EV,2878,654
1/1/16,9:25:00,SNA,STL,WN,1445,655
2/20/16,10:25:00,ATL,ORD,DL,1222,656
6/9/16,10:45:00,IAH,MCO,UA,524,657
8/29/16,13:40:00,SMF,DEN,WN,3006,658
11/19/15,14:31:00,MSP,DAY,OO,4705,659
6/3/16,17:35:00,SFO,SAN,WN,2644,660
1/5/16,9:25:00,ATL,MEM,DL,1771,661
1/24/16,22:20:00,DFW,MFE,AA,2529,662
9/12/16,6:20:00,MCO,PHL,AA,1917,663
11/6/15,16:57:00,ICT,ATL,DL,2567,664
11/12/15,19:10:00,ATL,MSP,DL,2388,665
3/18/16,7:56:00,XNA,ORD,EV,3756,666
8/4/16,7:00:00,ATL,MIA,AA,958,667
8/4/16,7:00:00,ATL,MIA,AA,958,667
1/4/16,10:35:00,SDF,LAS,WN,434,668
3/30/16,7:15:00,IAH,SFO,UA,404,669
7/21/16,17:59:00,LAX,JAC,OO,3010,670
7/21/16,17:59:00,LAX,JAC,OO,3010,670
8/16/16,16:55:00,DFW,SJC,AA,1067,671
1/8/16,12:45:00,PHL,DTW,DL,1962,672
4/10/16,11:55:00,CLT,ALB,AA,1988,673
11/5/15,16:41:00,AUS,EWR,UA,1451,674
9/10/16,18:15:00,PHL,BOS,B6,660,675
9/7/16,11:18:00,MLB,ATL,DL,1856,676
11/3/15,17:05:00,BWI,DTW,WN,2642,677
11/3/15,17:05:00,BWI,DTW,WN,2642,677
7/10/16,20:28:00,SLC,DFW,DL,2846,678
2/15/16,10:10:00,SAN,SFO,UA,334,679
4/20/16,23:15:00,PHX,CLT,AA,2020,680
11/21/15,6:55:00,AUS,IAD,UA,1709,681
11/21/15,6:55:00,AUS,IAD,UA,1709,681
1/10/16,20:08:00,SLC,LAS,DL,565,682
1/10/16,20:08:00,SLC,LAS,DL,565,682
11/10/15,12:46:00,CMH,EWR,EV,4335,683
2/18/16,7:05:00,HOU,DEN,WN,352,684
3/23/16,8:33:00,CLE,DCA,EV,3716,685
3/2/16,10:08:00,MSP,FLL,DL,939,686
11/26/15,12:08:00,DTW,BWI,DL,936,687
5/6/16,12:00:00,RIC,ATL,DL,2452,688
5/6/16,12:00:00,RIC,ATL,DL,2452,688
7/26/16,6:30:00,SEA,ORD,AA,1624,689
7/26/16,6:30:00,SEA,ORD,AA,1624,689
2/5/16,15:30:00,JFK,LAX,AA,117,690
8/4/16,12:40:00,SMF,DEN,WN,425,691
7/29/16,14:10:00,MSP,DEN,WN,1351,692
8/31/16,20:30:00,STL,LAX,WN,2617,693
8/31/16,20:30:00,STL,LAX,WN,2617,693
12/1/15,7:20:00,BMI,DFW,MQ,3235,694
9/6/16,9:12:00,SFO,IAD,UA,400,695
9/6/16,9:12:00,SFO,IAD,UA,400,695
5/21/16,16:55:00,PHX,SAN,WN,2930,696
12/12/15,17:25:00,MDW,ONT,WN,3296,697
2/29/16,7:45:00,ELP,SAT,WN,931,698
2/29/16,7:45:00,ELP,SAT,WN,931,698
12/8/15,12:16:00,OGG,HNL,HA,365,699
12/8/15,12:16:00,OGG,HNL,HA,365,699
2/15/16,7:40:00,PVD,BWI,WN,2850,700
12/30/15,9:10:00,PHL,MSP,AA,2004,701
5/22/16,10:49:00,PDX,ORD,UA,679,702
11/6/15,10:55:00,ATL,MCO,DL,2169,703
1/18/16,13:59:00,DTW,GRR,DL,2277,704
1/18/16,13:59:00,DTW,GRR,DL,2277,704
12/15/15,5:40:00,SAT,ATL,WN,4046,705
8/5/16,20:21:00,DFW,DTW,AA,2583,706
8/5/16,20:21:00,DFW,DTW,AA,2583,706
7/1/16,13:25:00,IAH,SAT,UA,1944,707
6/27/16,12:07:00,SFO,IAH,UA,1146,708
1/11/16,9:35:00,CLT,ORD,AA,2445,709
5/6/16,12:30:00,LAX,JFK,AA,4,710
2/12/16,18:43:00,LAX,PHX,UA,1497,711
11/17/15,19:00:00,SAV,JFK,B6,1042,712
3/23/16,14:00:00,ORD,BNA,UA,1855,713
6/27/16,18:35:00,BNA,DTW,DL,1947,714
7/7/16,13:30:00,RDU,BWI,WN,3467,715
4/3/16,9:39:00,ATL,AEX,EV,5485,716
3/23/16,21:00:00,DCA,BOS,AA,2150,717
8/26/16,7:35:00,SEA,JFK,DL,411,718
8/20/16,11:11:00,MYR,IAG,NK,226,719
8/20/16,11:11:00,MYR,IAG,NK,226,719
7/16/16,7:05:00,DEN,MCO,WN,6248,720
9/3/16,20:37:00,ORD,PDX,NK,655,721
12/26/15,6:45:00,XNA,DFW,MQ,3271,722
11/25/15,5:30:00,ABQ,MDW,WN,846,723
4/26/16,18:35:00,HOU,BOS,WN,1551,724
2/10/16,18:00:00,DAL,SNA,WN,2472,725
1/16/16,18:15:00,SAN,PDX,AS,245,726
5/19/16,18:05:00,ORD,TPA,UA,246,727
2/2/16,8:15:00,STL,FLL,WN,1543,728
2/2/16,8:15:00,STL,FLL,WN,1543,728
4/19/16,7:20:00,PDX,HNL,AS,833,729
4/19/16,7:20:00,PDX,HNL,AS,833,729
1/11/16,10:00:00,SAT,DAL,WN,1522,730
8/8/16,18:45:00,LGA,DTW,DL,2131,731
8/8/16,18:45:00,LGA,DTW,DL,2131,731
8/8/16,17:55:00,ORD,DCA,UA,624,732
4/4/16,20:00:00,CLT,JFK,AA,1638,733
2/15/16,17:51:00,MCO,ORD,NK,912,734
11/13/15,7:36:00,BOS,RSW,B6,465,735
5/11/16,18:10:00,MKE,DFW,AA,2585,736
1/27/16,21:25:00,MDW,PIT,WN,1170,737
1/26/16,13:40:00,SMF,DEN,WN,1419,738
1/26/16,13:40:00,SMF,DEN,WN,1419,738
1/29/16,18:25:00,MCO,LAX,AA,178,739
7/22/16,20:50:00,ORD,SBN,OO,5698,740
12/12/15,6:55:00,DEN,PHX,WN,3573,741
4/16/16,23:55:00,DEN,CLT,F9,201,742
1/14/16,17:34:00,SFO,DEN,UA,586,743
1/14/16,17:34:00,SFO,DEN,UA,586,743
11/1/15,6:30:00,FSD,DEN,OO,6372,744
3/1/16,5:45:00,HOU,ATL,WN,215,745
9/28/16,9:20:00,SFO,LAS,WN,699,746
11/24/15,21:20:00,PHX,SMF,AA,606,747
11/24/15,21:20:00,PHX,SMF,AA,606,747
7/12/16,17:10:00,LAS,JAX,WN,375,748
8/17/16,11:30:00,LAX,DTW,DL,333,749
11/17/15,11:24:00,DCA,MSP,DL,1631,750
11/17/15,11:24:00,DCA,MSP,DL,1631,750
9/30/16,14:00:00,DEN,IAH,UA,1828,751
9/30/16,14:00:00,DEN,IAH,UA,1828,751
7/7/16,17:20:00,LAX,DEN,UA,750,752
11/6/15,6:30:00,BWI,BUF,WN,372,753
5/15/16,12:45:00,CLT,RIC,AA,2077,754
8/17/16,16:55:00,BOS,SAN,B6,19,755
8/4/16,10:15:00,ATL,CHO,EV,5246,756
6/16/16,6:20:00,SEA,ATL,WN,349,757
5/13/16,14:50:00,JFK,MVY,B6,1338,758
5/13/16,14:50:00,JFK,MVY,B6,1338,758
8/12/16,6:45:00,DEN,SEA,F9,149,759
8/12/16,6:45:00,DEN,SEA,F9,149,759
5/14/16,14:20:00,LAS,SNA,WN,127,760
4/7/16,13:30:00,MCO,ATL,DL,2169,761
8/4/16,6:20:00,BUF,CLT,AA,829,762
2/4/16,11:00:00,BOS,LGA,AA,2121,763
1/21/16,10:30:00,JFK,SFO,VX,23,764
11/1/15,18:55:00,MCO,JFK,AA,2285,765
5/22/16,23:05:00,ANC,ORD,AS,138,766
4/29/16,13:35:00,DFW,PIT,AA,2458,767
11/19/15,15:10:00,BOS,MCO,B6,1551,768
8/7/16,9:50:00,DEN,JMS,OO,5102,769
3/16/16,12:15:00,ORD,GRR,EV,4114,770
7/26/16,10:25:00,DFW,GPT,EV,2811,771
2/15/16,9:45:00,LAX,TUS,OO,4856,772
5/15/16,8:50:00,ATL,CLT,DL,1454,773
4/21/16,19:30:00,PHX,DEN,F9,756,774
4/6/16,15:50:00,SMF,PDX,WN,3248,775
5/20/16,6:44:00,BPT,DFW,EV,2793,776
11/28/15,11:00:00,LGA,CLE,EV,4120,777
1/26/16,15:54:00,CLT,ATL,AA,671,778
5/17/16,5:00:00,SEA,PHX,AA,595,779
7/24/16,12:00:00,BOS,LGA,AA,2136,780
7/24/16,12:00:00,BOS,LGA,AA,2136,780
9/27/16,10:50:00,MDW,HOU,WN,2273,781
6/15/16,19:45:00,ORD,PDX,UA,518,782
2/5/16,7:02:00,ORD,ROC,EV,3843,783
7/10/16,6:20:00,SJC,ORD,AA,1628,784
6/22/16,15:15:00,RSW,CMH,WN,389,785
9/1/16,7:15:00,PDX,LGB,B6,1121,786
9/1/16,7:15:00,PDX,LGB,B6,1121,786
2/10/16,13:40:00,TUL,LAS,WN,264,787
7/13/16,8:40:00,CLE,DCA,EV,3716,788
4/7/16,20:10:00,DFW,BPT,EV,2794,789
12/30/15,7:20:00,PIT,PHL,AA,1697,790
11/18/15,8:29:00,COS,DEN,OO,5485,791
2/1/16,7:08:00,MSP,LAX,DL,1181,792
7/25/16,10:01:00,MSP,MCI,OO,4488,793
4/18/16,18:55:00,DEN,RDM,OO,5384,794
4/18/16,18:55:00,DEN,RDM,OO,5384,794
8/10/16,17:45:00,DAL,RDU,WN,1030,795
9/5/16,13:45:00,LAX,SFO,WN,1938,796
1/27/16,5:22:00,MQT,DTW,OO,7398,797
5/16/16,8:50:00,DFW,MCI,AA,970,798
5/16/16,8:50:00,DFW,MCI,AA,970,798
8/23/16,14:10:00,HNL,OAK,AS,838,799
1/21/16,15:02:00,PSC,SFO,OO,5340,800
5/24/16,11:19:00,MLB,ATL,DL,1856,801
1/24/16,17:55:00,DEN,SLC,WN,537,802
1/24/16,17:55:00,DEN,SLC,WN,537,802
5/17/16,6:55:00,SNA,DEN,UA,461,803
9/2/16,5:45:00,SFO,LAX,UA,261,804
1/28/16,10:53:00,ATL,CHS,DL,1463,805
3/22/16,6:20:00,RDU,MDW,WN,4111,806
4/29/16,19:17:00,IAH,CVG,OO,5571,807
2/29/16,16:30:00,LGA,MSP,DL,2084,808
12/30/15,10:31:00,ATL,OKC,DL,2481,809
11/29/15,20:00:00,LGA,ATL,DL,1244,810
4/18/16,9:25:00,PDX,PHX,AS,644,811
12/17/15,6:20:00,SAN,DFW,AA,2205,812
1/17/16,12:25:00,AUS,LAX,AA,1644,813
1/27/16,17:05:00,LAX,IAH,NK,326,814
6/28/16,16:30:00,LGA,MSP,DL,341,815
6/28/16,16:30:00,LGA,MSP,DL,341,815
6/3/16,20:05:00,DTW,SBN,OO,4519,816
6/3/16,20:05:00,DTW,SBN,OO,4519,816
6/18/16,19:00:00,DEN,SJC,UA,748,817
6/18/16,19:00:00,DEN,SJC,UA,748,817
4/8/16,12:30:00,DCA,BOS,AA,2142,818
9/18/16,11:15:00,SEA,PSC,OO,4642,819
9/28/16,15:05:00,FAT,SEA,OO,3491,820
8/21/16,9:55:00,TPA,BWI,WN,680,821
7/15/16,8:00:00,BNA,MSP,OO,4580,822
1/2/16,6:25:00,CLT,MDW,WN,6536,823
2/15/16,10:25:00,TPA,ATL,WN,1558,824
7/28/16,14:15:00,ECP,IAH,EV,4472,825
8/15/16,7:00:00,EWR,SLC,DL,1566,826
12/28/15,18:03:00,ISN,DEN,OO,5192,827
9/21/16,12:05:00,SFO,DFW,AA,2207,828
2/5/16,9:50:00,PDX,AUS,OO,3442,829
9/21/16,15:10:00,ATL,DFW,DL,1553,830
7/29/16,15:05:00,DEN,IAH,UA,1874,831
1/16/16,20:20:00,SEA,BIL,OO,4809,832
4/10/16,19:48:00,SFO,PHX,UA,1271,833
5/16/16,11:27:00,PSP,MSP,DL,2646,834
3/31/16,13:05:00,LAX,OAK,WN,4459,835
8/4/16,15:15:00,SEA,LAS,NK,292,836
12/10/15,7:00:00,SAT,LAS,WN,711,837
1/3/16,14:10:00,SFO,JFK,B6,616,838
3/22/16,7:30:00,STL,SAN,WN,41,839
9/10/16,7:15:00,HLN,DEN,OO,5182,840
3/30/16,11:30:00,SFO,JFK,B6,416,841
12/23/15,17:53:00,PHX,SFO,OO,5601,842
9/18/16,11:15:00,CLT,PHL,AA,1663,843
3/31/16,13:35:00,LAX,JFK,VX,412,844
9/23/16,14:55:00,ATL,SAV,DL,1983,845
3/1/16,16:05:00,OGG,LIH,HA,225,846
8/19/16,17:30:00,WRG,KTN,AS,64,847
2/14/16,14:42:00,IAH,SFO,UA,1973,848
2/14/16,14:42:00,IAH,SFO,UA,1973,848
1/15/16,9:25:00,CLT,MEM,AA,1784,849
7/30/16,21:40:00,SFO,EWR,UA,1536,850
12/5/15,10:10:00,BWI,ORD,UA,310,851
1/10/16,22:05:00,SLC,ABQ,DL,739,852
4/11/16,10:50:00,MDW,MCO,WN,2558,853
8/26/16,11:12:00,MSP,DTW,DL,946,854
7/18/16,7:45:00,EWR,STL,WN,1571,855
1/13/16,9:05:00,DAL,BWI,WN,1193,856
9/17/16,10:50:00,ATL,SFO,DL,1680,857
3/21/16,6:50:00,PVD,PBI,WN,2553,858
5/18/16,8:20:00,MCO,ATL,DL,1718,859
1/14/16,15:35:00,FLL,TPA,WN,275,860
1/14/16,15:35:00,FLL,TPA,WN,275,860
2/29/16,8:00:00,LAX,JFK,AA,34,861
9/4/16,15:35:00,SAN,BOI,OO,3483,862
9/4/16,15:35:00,SAN,BOI,OO,3483,862
8/13/16,5:00:00,IAH,MIA,AA,1044,863
7/15/16,15:10:00,DEN,BOI,OO,5688,864
4/15/16,8:50:00,ORD,TPA,AA,1514,865
4/15/16,8:50:00,ORD,TPA,AA,1514,865
12/7/15,15:35:00,DFW,BOS,AA,143,866
5/21/16,9:45:00,PDX,DEN,WN,1715,867
5/21/16,9:45:00,PDX,DEN,WN,1715,867
7/25/16,19:40:00,ORF,MDW,WN,1538,868
7/25/16,19:40:00,ORF,MDW,WN,1538,868
3/5/16,15:15:00,BDL,TPA,B6,533,869
9/28/16,12:35:00,DEN,SMF,WN,345,870
4/10/16,19:00:00,BWI,DEN,WN,2677,871
6/13/16,10:13:00,CID,DTW,EV,5053,872
6/13/16,10:13:00,CID,DTW,EV,5053,872
7/14/16,17:16:00,DCA,JFK,DL,2048,873
11/13/15,11:45:00,MSP,DEN,UA,1660,874
12/24/15,14:30:00,STT,JFK,DL,676,875
4/5/16,14:10:00,MSP,PHX,DL,899,876
12/6/15,13:10:00,LAX,DCA,AS,6,877
12/6/15,13:10:00,LAX,DCA,AS,6,877
7/16/16,12:45:00,BOS,LAX,AA,333,878
11/30/15,20:10:00,HOU,MAF,WN,1227,879
11/30/15,20:10:00,HOU,MAF,WN,1227,879
11/23/15,13:12:00,LAX,IAD,UA,653,880
5/26/16,23:15:00,SEA,MIA,AA,1070,881
9/8/16,17:58:00,DSM,SLC,OO,4524,882
11/22/15,10:30:00,BUR,SEA,AS,523,883
8/9/16,8:00:00,BNA,FLL,WN,3140,884
2/7/16,10:20:00,IAH,CLT,AA,1700,885
2/7/16,10:20:00,IAH,CLT,AA,1700,885
12/21/15,22:12:00,MCO,BQN,B6,729,886
3/23/16,8:59:00,PHX,DFW,AA,649,887
1/9/16,7:40:00,SJU,CLT,AA,1826,888
5/31/16,19:20:00,ORD,JAN,EV,4237,889
3/15/16,18:05:00,PHX,MCI,WN,3526,890
2/26/16,7:45:00,SEA,HNL,DL,2210,891
2/26/16,7:45:00,SEA,HNL,DL,2210,891
5/11/16,18:02:00,SAN,DEN,UA,231,892
5/11/16,18:02:00,SAN,DEN,UA,231,892
7/31/16,18:55:00,MSY,ATL,WN,844,893
7/31/16,18:55:00,MSY,ATL,WN,844,893
3/25/16,18:04:00,MCO,EWR,B6,328,894
3/25/16,18:04:00,MCO,EWR,B6,328,894
1/14/16,13:45:00,DFW,MSY,AA,2358,895
1/14/16,13:45:00,DFW,MSY,AA,2358,895
3/12/16,10:20:00,DFW,TPA,AA,2457,896
3/12/16,10:20:00,DFW,TPA,AA,2457,896
7/6/16,13:40:00,SJU,FLL,B6,2054,897
5/5/16,15:38:00,IAH,BTR,EV,3868,898
11/10/15,11:10:00,HOU,JFK,B6,582,899
4/11/16,11:20:00,JFK,MSP,DL,436,900
3/7/16,10:30:00,ORD,CLT,AA,695,901
3/7/16,10:30:00,ORD,CLT,AA,695,901
4/27/16,21:29:00,LGB,JFK,B6,14,902
1/24/16,13:37:00,ASE,DEN,OO,6504,903
7/3/16,7:25:00,MSY,CLT,AA,1815,904
1/1/16,17:45:00,EWR,DEN,WN,3036,905
1/1/16,17:45:00,EWR,DEN,WN,3036,905
11/10/15,9:59:00,MCI,ORD,OO,6254,906
7/1/16,14:50:00,CLT,MSP,AA,1855,907
11/5/15,11:30:00,DCA,DAL,VX,715,908
11/5/15,11:30:00,DCA,DAL,VX,715,908
9/25/16,17:55:00,CLT,PHL,AA,1943,909
7/1/16,20:20:00,PDX,PHX,AA,2092,910
11/7/15,18:55:00,ORD,ROC,MQ,3446,911
9/10/16,6:35:00,COS,DEN,OO,5578,912
9/22/16,6:00:00,MOB,ATL,DL,2484,913
5/21/16,7:30:00,SAN,SMF,WN,2676,914
11/12/15,12:35:00,MCI,PHX,WN,2850,915
8/7/16,13:35:00,ATL,PBI,WN,2310,916
12/17/15,6:00:00,EWR,PBI,UA,1037,917
2/19/16,11:08:00,MCO,EWR,B6,228,918
2/19/16,11:08:00,MCO,EWR,B6,228,918
11/30/15,18:55:00,SEA,LAX,AS,464,919
8/25/16,10:55:00,DFW,LGA,AA,1169,920
3/3/16,17:00:00,EWR,SNA,UA,1075,921
11/13/15,5:30:00,ABI,DFW,MQ,3431,922
7/19/16,21:45:00,CMH,LAS,F9,1087,923
7/19/16,21:45:00,CMH,LAS,F9,1087,923
2/15/16,7:25:00,CMH,PHX,AA,584,924
3/8/16,5:15:00,ORD,DEN,UA,707,925
9/27/16,14:50:00,FCA,MSP,DL,2365,926
5/24/16,21:45:00,LIH,LAX,AA,286,927
8/2/16,9:05:00,MSY,LAX,WN,1252,928
2/20/16,18:20:00,LAS,GEG,WN,3102,929
4/21/16,12:15:00,SHV,IAH,EV,3934,930
4/15/16,12:25:00,SNA,SEA,AS,513,931
8/1/16,16:30:00,SAN,LAS,WN,3302,932
8/23/16,20:00:00,SAN,DEN,WN,2269,933
1/16/16,17:20:00,ADQ,ANC,AS,40,934
12/21/15,17:45:00,PHX,TUS,OO,2964,935
2/24/16,15:25:00,SAN,DEN,WN,2109,936
4/8/16,20:59:00,JFK,BOS,B6,418,937
6/15/16,9:39:00,MIA,MCO,AA,195,938
11/16/15,17:30:00,HOU,MAF,WN,1081,939
6/5/16,18:10:00,ATL,CRW,EV,5265,940
4/18/16,11:02:00,ATL,SAN,DL,2267,941
1/31/16,5:21:00,PIA,ORD,EV,6017,942
4/26/16,19:35:00,MDW,SJC,WN,2884,943
8/17/16,11:59:00,PIT,CLT,AA,1700,944
8/17/16,11:59:00,PIT,CLT,AA,1700,944
12/15/15,7:00:00,LGA,DAL,VX,761,945
12/15/15,7:00:00,LGA,DAL,VX,761,945
9/24/16,9:45:00,DEN,LIT,OO,5207,946
1/3/16,20:05:00,BOS,JFK,B6,317,947
9/29/16,7:30:00,LGA,BNA,WN,3223,948
8/27/16,14:05:00,DEN,OMA,OO,6055,949
8/27/16,14:05:00,DEN,OMA,OO,6055,949
12/4/15,6:00:00,PSP,SEA,AS,549,950
12/4/15,6:00:00,PSP,SEA,AS,549,950
8/12/16,8:15:00,PHL,CLT,AA,2053,951
8/12/16,8:15:00,PHL,CLT,AA,2053,951
3/3/16,15:56:00,ATL,AGS,EV,5254,952
7/22/16,6:00:00,SFO,LAX,UA,261,953
4/21/16,17:35:00,DEN,ORD,AA,311,954
12/26/15,16:53:00,LAS,SLC,DL,2408,955
3/26/16,9:30:00,TUL,LAS,WN,844,956
2/23/16,6:30:00,AUS,ATL,DL,1984,957
12/13/15,19:45:00,DEN,XNA,OO,6507,958
12/13/15,19:45:00,DEN,XNA,OO,6507,958
3/13/16,13:10:00,ECP,STL,WN,2363,959
7/27/16,15:38:00,SFO,DEN,UA,720,960
12/26/15,6:20:00,ACY,RSW,NK,943,961
6/7/16,8:40:00,LAS,DAL,WN,985,962
12/10/15,13:25:00,LAX,STL,WN,253,963
5/9/16,9:30:00,SFO,ATL,F9,1532,964
1/21/16,20:30:00,DFW,MIA,AA,60,965
12/18/15,15:10:00,ORD,CVG,MQ,3069,966
12/18/15,15:10:00,ORD,CVG,MQ,3069,966
4/19/16,5:50:00,MBS,DTW,OO,4608,967
1/22/16,22:00:00,HOU,DAL,WN,64,968
3/20/16,8:45:00,SFO,BOI,OO,5449,969
4/21/16,23:38:00,LAX,MSY,UA,1878,970
2/20/16,15:55:00,DFW,IND,AA,1382,971
11/5/15,20:46:00,MEI,PIB,EV,2734,972
2/9/16,8:45:00,ORD,LAX,AA,1081,973
3/10/16,19:35:00,PHL,LAS,NK,395,974
6/12/16,15:15:00,SFO,JFK,VX,26,975
9/4/16,18:55:00,DEN,PSC,OO,5301,976
11/28/15,10:48:00,EWR,GSO,EV,5975,977
11/28/15,10:48:00,EWR,GSO,EV,5975,977
7/5/16,19:05:00,SEA,HNL,AS,893,978
7/11/16,7:59:00,EWR,LAX,UA,703,979
2/7/16,12:15:00,MIA,ORD,AA,1017,980
5/9/16,13:18:00,SFO,MCO,UA,292,981
3/1/16,16:15:00,ONT,PHX,WN,1863,982
4/15/16,8:15:00,MCO,BOS,B6,52,983
4/21/16,5:00:00,IAH,DFW,AA,2244,984
7/17/16,13:35:00,ATL,MDW,WN,1600,985
11/13/15,6:00:00,MOB,ATL,DL,2250,986
1/7/16,8:05:00,TPA,MSP,DL,1765,987
4/25/16,13:35:00,LAX,JFK,VX,412,988
2/3/16,13:15:00,CLT,ATL,DL,1095,989
3/20/16,16:37:00,ATL,TRI,EV,5125,990
5/4/16,20:15:00,DFW,CLE,AA,1582,991
5/4/16,20:15:00,DFW,CLE,AA,1582,991
2/14/16,16:40:00,MCO,MEM,WN,1398,992
11/11/15,15:20:00,AUS,HRL,WN,987,993
8/4/16,7:05:00,MCO,MIA,DL,196,994
8/25/16,12:40:00,MKE,DTW,DL,2357,995
5/27/16,17:00:00,PHX,IND,WN,2289,996
5/27/16,17:00:00,PHX,IND,WN,2289,996
3/11/16,9:05:00,DFW,SMF,AA,2228,997
2/17/16,18:40:00,DFW,BNA,AA,1396,998
3/17/16,19:10:00,JFK,SEA,DL,2836,999
4/5/16,21:05:00,DEN,STL,F9,288,1000
4/5/16,21:05:00,DEN,STL,F9,288,1000
9/29/16,10:30:00,PHX,TUS,OO,3066,1001
11/1/15,11:40:00,BOI,SLC,OO,4536,1002
6/6/16,16:46:00,DFW,STL,AA,51,1003
6/6/16,16:46:00,DFW,STL,AA,51,1003
4/13/16,6:00:00,CAK,ATL,DL,2353,1004
1/31/16,14:30:00,MCO,DCA,AA,1872,1005
12/13/15,6:00:00,LIT,BWI,WN,1363,1006
4/19/16,11:58:00,TVC,DTW,OO,4802,1007
9/14/16,21:25:00,SMF,SAN,WN,2147,1008
4/1/16,6:00:00,SMF,LAX,OO,5475,1009
9/18/16,17:10:00,SFO,SAN,VX,960,1010
11/28/15,11:25:00,FLG,PHX,OO,2994,1011
1/21/16,12:10:00,OKC,DEN,WN,805,1012
1/21/16,12:10:00,OKC,DEN,WN,805,1012
9/13/16,16:00:00,SJC,SAN,OO,3409,1013
7/19/16,9:15:00,SNA,SJC,WN,3499,1014
7/19/16,9:15:00,SNA,SJC,WN,3499,1014
8/25/16,9:20:00,ATL,MCO,WN,583,1015
5/26/16,6:18:00,PDX,LAX,DL,2469,1016
12/24/15,6:00:00,LSE,ORD,MQ,3366,1017
12/24/15,6:00:00,LSE,ORD,MQ,3366,1017
9/23/16,17:40:00,PIT,MCO,F9,1709,1018
4/8/16,10:05:00,MCO,MHT,WN,2257,1019
6/20/16,8:00:00,ORF,ATL,DL,1252,1020
6/20/16,8:00:00,ORF,ATL,DL,1252,1020
12/10/15,19:10:00,ORD,LGA,UA,794,1021
12/10/15,19:10:00,ORD,LGA,UA,794,1021
3/19/16,10:18:00,SAN,SLC,DL,2295,1022
11/16/15,6:00:00,DEN,IAH,UA,1452,1023
5/4/16,7:00:00,PBI,ATL,DL,2644,1024
5/4/16,7:00:00,PBI,ATL,DL,2644,1024
3/28/16,7:24:00,RDU,ATL,DL,1482,1025
9/9/16,10:10:00,RNO,LAX,OO,3016,1026
9/30/16,11:00:00,MCO,SAN,WN,1992,1027
9/30/16,11:00:00,MCO,SAN,WN,1992,1027
9/15/16,5:15:00,BRO,IAH,OO,5293,1028
9/15/16,5:15:00,BRO,IAH,OO,5293,1028
3/25/16,17:37:00,STL,CLE,EV,4004,1029
3/2/16,17:50:00,IAH,SEA,AS,755,1030
1/26/16,15:30:00,BWI,TPA,WN,2549,1031
9/16/16,6:35:00,JAX,EWR,EV,4274,1032
9/15/16,17:54:00,PHL,FLL,NK,1009,1033
9/10/16,15:00:00,DEN,MKE,WN,1141,1034
7/30/16,9:32:00,HNL,OGG,HA,520,1035
6/15/16,10:35:00,ACY,TPA,NK,341,1036
4/16/16,8:45:00,DEN,SMF,WN,1395,1037
8/15/16,10:20:00,LAX,IAD,UA,856,1038
9/15/16,11:30:00,MSP,BZN,DL,739,1039
7/24/16,5:30:00,BOS,BWI,WN,801,1040
4/10/16,16:39:00,BOS,SFO,B6,633,1041
2/24/16,21:00:00,BOS,DCA,AA,2134,1042
7/14/16,19:02:00,ATL,PHL,NK,600,1043
7/14/16,19:02:00,ATL,PHL,NK,600,1043
9/30/16,9:15:00,SFO,LIH,UA,1111,1044
9/30/16,9:15:00,SFO,LIH,UA,1111,1044
2/25/16,15:50:00,ATL,AVL,DL,238,1045
11/28/15,7:00:00,PDX,SEA,AS,423,1046
5/21/16,14:20:00,LAS,SNA,WN,127,1047
5/21/16,14:20:00,LAS,SNA,WN,127,1047
5/21/16,15:50:00,BOS,DFW,AA,2552,1048
12/15/15,17:00:00,LAS,SNA,WN,258,1049
11/27/15,18:10:00,XNA,EWR,EV,4602,1050
2/15/16,22:07:00,LAX,FAT,OO,5335,1051
9/29/16,12:35:00,SRQ,ATL,DL,1725,1052
6/14/16,18:20:00,ORD,LAX,AA,2225,1053
7/5/16,12:00:00,EWR,ORF,EV,3794,1054
7/5/16,12:00:00,EWR,ORF,EV,3794,1054
11/27/15,14:35:00,FLL,JFK,B6,1902,1055
5/17/16,8:55:00,MCO,ATL,WN,3354,1056
12/14/15,18:00:00,DEN,SEA,WN,1356,1057
7/16/16,18:15:00,LAX,TUS,OO,3019,1058
12/16/15,7:16:00,CLE,MSP,EV,5053,1059
12/16/15,7:16:00,CLE,MSP,EV,5053,1059
3/29/16,7:15:00,DAL,MCI,WN,4341,1060
11/26/15,5:30:00,SFO,PHX,WN,6567,1061
2/4/16,8:30:00,SLC,ATL,DL,1524,1062
2/4/16,8:30:00,SLC,ATL,DL,1524,1062
2/24/16,6:35:00,OAK,LAX,WN,2640,1063
11/20/15,10:50:00,ATL,SAT,DL,1790,1064
7/4/16,11:20:00,BOS,LAX,VX,365,1065
7/4/16,11:20:00,BOS,LAX,VX,365,1065
8/7/16,18:05:00,MSP,SMF,DL,2371,1066
2/17/16,9:10:00,DFW,AUS,AA,1484,1067
11/14/15,19:30:00,SEA,HNL,AS,893,1068
5/25/16,6:15:00,LGA,CLT,AA,1772,1069
6/29/16,20:50:00,ORD,IAD,UA,2000,1070
6/29/16,20:50:00,ORD,IAD,UA,2000,1070
9/24/16,17:10:00,RSW,DCA,B6,482,1071
8/9/16,18:00:00,LAX,SFO,DL,2774,1072
7/19/16,5:50:00,ATL,EWR,UA,224,1073
7/19/16,5:50:00,ATL,EWR,UA,224,1073
12/18/15,19:13:00,MCI,LAX,NK,785,1074
3/22/16,13:30:00,DCA,DEN,F9,723,1075
11/29/15,19:15:00,BWI,RDU,WN,2685,1076
3/19/16,14:34:00,HNL,LAX,AA,284,1077
9/16/16,17:55:00,IAH,SHV,EV,4040,1078
5/19/16,18:30:00,ORD,RDU,AA,1529,1079
3/29/16,17:35:00,IAD,ATL,WN,3250,1080
3/19/16,13:05:00,HDN,IAD,UA,217,1081
3/19/16,13:05:00,HDN,IAD,UA,217,1081
4/17/16,11:05:00,PDX,LAX,AS,568,1082
3/6/16,17:00:00,DFW,SFO,AA,1393,1083
12/28/15,13:27:00,BFL,DEN,OO,6350,1084
4/15/16,18:15:00,OAK,SNA,WN,977,1085
1/12/16,18:15:00,BHM,PHX,AA,1775,1086
1/12/16,18:15:00,BHM,PHX,AA,1775,1086
7/10/16,12:45:00,OAK,SNA,WN,659,1087
7/10/16,12:45:00,OAK,SNA,WN,659,1087
3/20/16,20:09:00,MSP,DLH,DL,840,1088
11/17/15,7:19:00,IAH,MOB,EV,4128,1089
9/12/16,22:50:00,SFO,ATL,UA,1844,1090
2/9/16,18:30:00,SFO,SNA,WN,1302,1091
2/7/16,19:00:00,DEN,ABQ,UA,367,1092
2/7/16,19:00:00,DEN,ABQ,UA,367,1092
9/12/16,6:20:00,COS,ATL,DL,2114,1093
11/18/15,13:45:00,CAK,ORD,EV,4389,1094
12/14/15,13:20:00,CLT,EWR,AA,454,1095
9/22/16,21:45:00,CMH,LAS,F9,1087,1096
9/22/16,21:45:00,CMH,LAS,F9,1087,1096
1/18/16,15:55:00,LGA,CLT,AA,1781,1097
1/18/16,15:55:00,LGA,CLT,AA,1781,1097
12/15/15,14:00:00,MIA,MCO,AA,2464,1098
3/18/16,20:20:00,PHX,LAX,WN,4215,1099
3/18/16,20:20:00,PHX,LAX,WN,4215,1099
9/5/16,16:04:00,MIA,LGA,AA,88,1100
1/23/16,15:25:00,TWF,SLC,OO,4602,1101
1/14/16,18:25:00,BDL,ATL,DL,1724,1102
8/13/16,15:00:00,SLC,GCC,OO,7424,1103
5/23/16,10:25:00,LIT,ATL,DL,1913,1104
9/22/16,22:00:00,LAX,OAK,WN,474,1105
4/1/16,8:35:00,BWI,CLT,AA,826,1106
4/1/16,8:35:00,BWI,CLT,AA,826,1106
6/15/16,11:09:00,MCI,DFW,AA,970,1107
3/30/16,13:50:00,DTW,MSP,DL,2468,1108
1/6/16,14:44:00,MCO,LBE,NK,878,1109
2/20/16,22:25:00,IAD,DEN,UA,554,1110
7/11/16,19:25:00,PDX,LAX,WN,2275,1111
3/29/16,11:00:00,BOS,LGA,AA,2121,1112
5/12/16,6:55:00,MCI,MSP,DL,2044,1113
1/16/16,15:35:00,FLL,PVD,WN,1399,1114
9/2/16,14:50:00,MSP,SLC,DL,596,1115
11/3/15,6:10:00,MCO,BWI,WN,1487,1116
5/31/16,8:31:00,DTW,DEN,DL,1511,1117
5/17/16,18:17:00,SAT,DFW,AA,1524,1118
2/21/16,13:35:00,ISP,MCO,WN,1353,1119
4/10/16,10:20:00,FLG,PHX,OO,2994,1120
1/4/16,17:15:00,LAX,OGG,DL,1219,1121
9/17/16,0:20:00,SEA,ORD,UA,1239,1122
9/17/16,0:20:00,SEA,ORD,UA,1239,1122
7/20/16,15:55:00,SAT,HOU,WN,693,1123
6/28/16,13:24:00,LGA,BUF,EV,5381,1124
6/28/16,13:24:00,LGA,BUF,EV,5381,1124
8/4/16,6:30:00,BNA,LAX,AA,426,1125
11/12/15,20:15:00,SJC,ONT,WN,978,1126
7/21/16,5:30:00,SMF,LAX,WN,1907,1127
7/17/16,19:35:00,MEM,HOU,WN,1552,1128
4/27/16,20:55:00,LAX,MRY,OO,5021,1129
7/28/16,17:25:00,IAD,LAX,VX,97,1130
12/23/15,18:15:00,SAN,SFO,WN,2285,1131
12/18/15,7:25:00,DTW,ATL,DL,2794,1132
6/2/16,8:27:00,HNL,KOA,HA,368,1133
7/18/16,18:15:00,LAS,DEN,WN,350,1134
7/18/16,18:15:00,LAS,DEN,WN,350,1134
5/8/16,17:30:00,DEN,BIS,OO,5801,1135
6/10/16,19:15:00,ORD,MOB,EV,4038,1136
9/24/16,17:50:00,PHL,IAH,UA,1765,1137
7/17/16,6:00:00,CHS,LGA,EV,5045,1138
9/12/16,22:40:00,CLT,ORD,AA,1788,1139
5/10/16,13:55:00,SNA,SJC,WN,1926,1140
9/7/16,14:35:00,IAH,LCH,EV,3849,1141
8/4/16,17:12:00,LAX,JAC,OO,5533,1142
4/25/16,20:50:00,LAX,LAS,VX,490,1143
5/15/16,16:31:00,SEA,EWR,UA,1932,1144
4/13/16,17:30:00,DEN,BIS,OO,5801,1145
3/27/16,17:35:00,DFW,PHX,AA,640,1146
8/25/16,15:32:00,LAX,LAS,NK,720,1147
11/11/15,15:39:00,BTR,DFW,EV,2756,1148
4/18/16,6:44:00,SFO,BOS,UA,1946,1149
11/11/15,20:25:00,BWI,MCO,WN,3132,1150
4/1/16,22:55:00,SJC,JFK,B6,670,1151
12/7/15,7:44:00,SEA,PHX,OO,4767,1152
4/24/16,14:15:00,GSP,ATL,DL,1209,1153
9/19/16,18:20:00,EWR,DEN,UA,485,1154
7/23/16,6:00:00,FLL,TPA,WN,2161,1155
2/9/16,12:15:00,ORD,MCO,AA,2198,1156
12/11/15,16:40:00,ANC,OTZ,AS,153,1157
6/23/16,8:45:00,MSP,DTW,DL,2328,1158
9/26/16,11:46:00,MSP,LAX,DL,1559,1159
7/23/16,9:10:00,DFW,TUS,AA,1346,1160
7/23/16,9:10:00,DFW,TUS,AA,1346,1160
8/5/16,13:40:00,LAX,SFO,UA,333,1161
9/22/16,17:17:00,STL,DFW,AA,2190,1162
7/3/16,11:25:00,MSP,RAP,OO,4699,1163
4/2/16,14:55:00,PBI,BOS,B6,222,1164
2/9/16,5:45:00,CVG,DEN,F9,737,1165
8/6/16,0:15:00,PDX,ORD,AA,1230,1166
7/24/16,9:26:00,MCI,DEN,UA,1716,1167
7/7/16,12:42:00,TUL,DFW,AA,391,1168
11/7/15,14:40:00,PHX,SLC,AA,450,1169
12/25/15,19:25:00,SFO,SEA,AS,337,1170
2/19/16,10:50:00,FLL,JFK,B6,1002,1171
2/19/16,10:50:00,FLL,JFK,B6,1002,1171
11/11/15,13:35:00,PDX,SFO,AS,400,1172
1/12/16,14:25:00,SAN,MDW,WN,1308,1173
5/9/16,16:25:00,MCO,MSY,WN,1296,1174
2/10/16,11:52:00,MSP,DTW,DL,1734,1175
2/10/16,11:52:00,MSP,DTW,DL,1734,1175
11/13/15,21:45:00,MSP,BOI,DL,1321,1176
11/13/15,21:45:00,MSP,BOI,DL,1321,1176
12/18/15,14:35:00,PHX,MRY,OO,2955,1177
11/27/15,17:55:00,LGA,STL,WN,5265,1178
8/30/16,13:20:00,SEA,ANC,AS,97,1179
12/22/15,15:10:00,PHX,SAN,AA,679,1180
7/15/16,19:05:00,RIC,DFW,AA,2324,1181
2/22/16,22:35:00,MCO,SJU,B6,333,1182
2/22/16,22:35:00,MCO,SJU,B6,333,1182
5/9/16,12:25:00,CMH,ATL,DL,1276,1183
5/16/16,6:45:00,JNU,SEA,DL,1405,1184
12/16/15,13:55:00,SLC,STL,OO,4477,1185
7/12/16,8:46:00,MCO,EWR,B6,28,1186
8/5/16,7:15:00,IND,DCA,WN,1770,1187
6/30/16,5:30:00,SAV,ATL,DL,2007,1188
7/15/16,22:10:00,CLT,BDL,AA,1704,1189
7/15/16,22:10:00,CLT,BDL,AA,1704,1189
5/2/16,8:15:00,LAX,PHX,WN,2112,1190
1/30/16,11:05:00,ORD,IAH,UA,1875,1191
6/2/16,22:05:00,DEN,CPR,OO,5703,1192
4/28/16,11:55:00,ATL,AVL,EV,5197,1193
4/28/16,11:55:00,ATL,AVL,EV,5197,1193
4/2/16,19:37:00,IAH,ATL,UA,2043,1194
1/18/16,13:30:00,PHX,EWR,AA,689,1195
9/2/16,22:59:00,EWR,SJU,B6,1889,1196
8/19/16,7:45:00,LAX,SMF,OO,5635,1197
8/19/16,7:45:00,LAX,SMF,OO,5635,1197
12/9/15,18:51:00,ORD,SFO,UA,625,1198
11/21/15,16:28:00,DTW,ORD,UA,1279,1199
3/8/16,13:58:00,ORD,SYR,OO,5818,1200
6/1/16,10:35:00,LGA,RIC,EV,5168,1201
11/28/15,20:58:00,EWR,LAX,UA,512,1202
9/23/16,15:15:00,BOS,LAX,AA,147,1203
12/23/15,14:35:00,HOU,ATL,WN,1450,1204
8/11/16,17:20:00,TPA,EWR,UA,342,1205
7/26/16,12:05:00,ORD,DTW,DL,282,1206
5/11/16,14:50:00,DFW,TPA,AA,1198,1207
7/1/16,13:00:00,JFK,LAX,VX,411,1208
3/25/16,19:30:00,JAX,BWI,WN,1818,1209
3/25/16,19:30:00,JAX,BWI,WN,1818,1209
12/19/15,18:15:00,MIA,ORD,AA,1612,1210
4/7/16,10:15:00,DTW,EWR,DL,2453,1211
12/11/15,14:55:00,PHX,LAS,AA,1826,1212
11/15/15,17:35:00,EWR,MCO,UA,434,1213
9/30/16,22:00:00,SLC,EUG,OO,4752,1214
1/28/16,13:01:00,BOS,ORD,UA,1275,1215
8/19/16,19:05:00,ATL,MSY,DL,2476,1216
1/14/16,6:00:00,BDL,MDW,WN,2648,1217
1/14/16,6:00:00,BDL,MDW,WN,2648,1217
3/15/16,22:10:00,HNL,LAX,HA,4,1218
1/18/16,17:45:00,MDW,HOU,WN,1673,1219
12/23/15,19:21:00,ATL,DFW,AA,232,1220
12/23/15,19:21:00,ATL,DFW,AA,232,1220
6/28/16,17:20:00,MCI,DTW,DL,18,1221
11/29/15,18:36:00,LAX,MEM,DL,2264,1222
9/26/16,11:45:00,SMF,SEA,AS,369,1223
1/26/16,7:00:00,CLT,DFW,AA,2091,1224
2/18/16,12:50:00,IAH,BTR,EV,4234,1225
4/26/16,19:30:00,ATL,MIA,DL,971,1226
12/29/15,6:25:00,IND,LAX,DL,1213,1227
6/9/16,21:15:00,ORD,BOS,UA,670,1228
11/19/15,5:45:00,HOU,MSY,WN,1067,1229
4/28/16,12:10:00,ORD,SFO,AA,2602,1230
5/25/16,20:15:00,PHX,SAT,WN,1269,1231
8/5/16,14:26:00,EKO,SLC,OO,7429,1232
2/4/16,8:09:00,ATL,MEM,DL,2441,1233
6/8/16,6:35:00,CHS,BWI,WN,3043,1234
2/12/16,19:35:00,LIH,HNL,HA,134,1235
11/28/15,10:10:00,MSP,ISN,OO,4830,1236
1/29/16,15:20:00,SLC,MSP,DL,12,1237
1/29/16,15:20:00,SLC,MSP,DL,12,1237
2/15/16,18:20:00,DEN,MCO,F9,682,1238
7/2/16,9:44:00,LIT,ATL,EV,5151,1239
7/2/16,9:44:00,LIT,ATL,EV,5151,1239
3/5/16,12:30:00,CLE,LAX,UA,237,1240
5/13/16,11:27:00,DEN,BOI,UA,270,1241
8/24/16,10:50:00,PIT,STL,WN,1906,1242
12/1/15,10:59:00,GRB,DTW,EV,5177,1243
7/1/16,8:25:00,DEN,LAX,WN,3280,1244
2/25/16,14:05:00,ALB,LAS,WN,2379,1245
5/18/16,17:45:00,TPA,MIA,AA,220,1246
6/25/16,13:21:00,PHX,DFW,AA,550,1247
2/8/16,9:10:00,DFW,AUS,AA,317,1248
4/20/16,19:40:00,MSP,PHL,DL,1791,1249
4/20/16,19:40:00,MSP,PHL,DL,1791,1249
4/30/16,16:10:00,IND,DFW,AA,1129,1250
11/8/15,20:20:00,DTW,LAS,DL,2290,1251
5/31/16,22:40:00,CLT,ATL,AA,1897,1252
5/31/16,8:31:00,SFO,LAX,UA,479,1253
7/29/16,22:45:00,BWI,BOS,WN,1989,1254
5/29/16,8:10:00,RDU,STL,WN,2630,1255
7/28/16,10:00:00,STL,DAL,WN,1571,1256
7/28/16,10:00:00,STL,DAL,WN,1571,1256
3/6/16,7:30:00,CLT,SFO,AA,662,1257
3/6/16,7:30:00,CLT,SFO,AA,662,1257
12/23/15,10:47:00,SFO,IAH,UA,378,1258
3/11/16,9:45:00,BNA,CMH,WN,119,1259
12/3/15,20:25:00,MCO,PIT,WN,1665,1260
7/13/16,10:00:00,LAX,JFK,AA,172,1261
3/27/16,16:24:00,MCO,DEN,UA,592,1262
3/27/16,16:24:00,MCO,DEN,UA,592,1262
12/15/15,13:23:00,MSP,MCO,DL,1135,1263
2/10/16,15:10:00,LAS,SFO,B6,2589,1264
6/30/16,21:54:00,LAX,CLE,UA,1786,1265
6/30/16,21:54:00,LAX,CLE,UA,1786,1265
2/21/16,5:30:00,PHL,MCO,F9,1219,1266
3/8/16,12:00:00,CLE,CLT,AA,1934,1267
7/21/16,7:05:00,DTW,MIA,AA,1448,1268
3/4/16,23:55:00,PHX,CLE,AA,420,1269
1/21/16,10:55:00,SMF,PHX,WN,2471,1270
1/21/16,10:55:00,SMF,PHX,WN,2471,1270
5/17/16,20:10:00,LAS,MCI,WN,3119,1271
2/19/16,14:18:00,MCO,MSP,DL,1714,1272
4/5/16,10:55:00,SEA,LAX,VX,784,1273
7/10/16,12:15:00,ORD,MSN,EV,4172,1274
2/18/16,12:00:00,DFW,AEX,EV,2858,1275
11/3/15,7:45:00,DCA,ORD,AA,1611,1276
11/3/15,7:45:00,DCA,ORD,AA,1611,1276
4/22/16,11:55:00,MCO,IAH,UA,1788,1277
5/30/16,10:25:00,SAN,OAK,WN,3195,1278
8/16/16,13:24:00,BHM,ATL,DL,1360,1279
6/28/16,12:20:00,LAX,OGG,HA,55,1280
5/10/16,7:15:00,SNA,SEA,WN,2709,1281
2/2/16,5:30:00,PHL,MCO,F9,1219,1282
11/8/15,8:45:00,ELP,PHX,WN,1846,1283
11/26/15,7:15:00,ELP,SAT,WN,3728,1284
11/25/15,23:55:00,DEN,RDU,F9,566,1285
11/25/15,23:55:00,DEN,RDU,F9,566,1285
8/15/16,21:20:00,LAX,FLL,VX,338,1286
11/24/15,6:00:00,ECP,ATL,DL,508,1287
4/5/16,18:25:00,ORD,PWM,EV,3765,1288
12/18/15,21:15:00,JFK,LAX,B6,1123,1289
1/5/16,18:15:00,ORD,ROA,EV,4108,1290
1/5/16,18:15:00,ORD,ROA,EV,4108,1290
9/26/16,13:55:00,LAX,PHL,AA,598,1291
4/17/16,5:15:00,SFO,DFW,AA,1454,1292
12/2/15,9:50:00,LAS,DEN,F9,770,1293
12/2/15,9:50:00,LAS,DEN,F9,770,1293
12/30/15,13:55:00,ATL,VPS,EV,4883,1294
12/30/15,13:55:00,ATL,VPS,EV,4883,1294
3/23/16,16:45:00,SEA,SNA,AS,528,1295
3/23/16,16:45:00,SEA,SNA,AS,528,1295
5/1/16,21:40:00,BOS,BWI,WN,2236,1296
5/1/16,21:40:00,BOS,BWI,WN,2236,1296
8/19/16,17:00:00,LGA,DCA,AA,2164,1297
6/18/16,18:05:00,DAL,SAT,WN,5665,1298
12/23/15,9:05:00,ORD,MCI,UA,1010,1299
2/22/16,12:50:00,ORF,BWI,WN,605,1300
2/22/16,12:50:00,ORF,BWI,WN,605,1300
2/25/16,19:50:00,ATL,STL,DL,765,1301
11/12/15,18:50:00,DFW,SAN,AA,2283,1302
9/3/16,20:17:00,DTW,SAT,EV,5049,1303
1/12/16,10:35:00,AUS,HRL,WN,336,1304
3/24/16,9:20:00,ATL,DCA,DL,2438,1305
3/24/16,9:20:00,ATL,DCA,DL,2438,1305
8/25/16,16:55:00,DFW,ATL,AA,611,1306
8/31/16,9:30:00,BOS,MIA,AA,1172,1307
5/14/16,10:00:00,ORD,ICT,OO,2938,1308
4/16/16,9:45:00,DEN,COS,OO,5235,1309
11/6/15,15:40:00,SFO,DFW,AA,193,1310
11/18/15,19:55:00,LAS,SEA,AS,611,1311
6/24/16,8:45:00,AUS,DFW,AA,1004,1312
9/30/16,19:10:00,JAX,BWI,WN,1677,1313
3/22/16,13:20:00,TPA,ORD,AA,1514,1314
1/19/16,18:01:00,ORD,LGA,NK,630,1315
12/9/15,19:25:00,SEA,HNL,AS,893,1316
8/5/16,12:00:00,DTW,MDW,OO,4541,1317
1/1/16,7:00:00,LAX,DTW,DL,1506,1318
5/12/16,16:08:00,DTW,MLI,EV,5083,1319
5/12/16,16:08:00,DTW,MLI,EV,5083,1319
11/19/15,17:27:00,DEN,BIS,OO,6368,1320
11/19/15,17:27:00,DEN,BIS,OO,6368,1320
1/4/16,8:47:00,IAH,MCO,UA,1764,1321
7/11/16,11:50:00,HOU,LAX,WN,1562,1322
4/1/16,9:46:00,IAH,SFO,UA,570,1323
4/9/16,20:41:00,OGG,HNL,HA,175,1324
11/14/15,9:10:00,ORD,MCO,UA,206,1325
2/26/16,17:10:00,BNA,CLT,AA,1945,1326
4/14/16,6:55:00,AUS,ORD,AA,2312,1327
9/22/16,13:00:00,MSP,DCA,DL,2142,1328
9/2/16,7:30:00,BDL,ORD,AA,2269,1329
8/2/16,14:20:00,SFO,PHL,UA,202,1330
8/2/16,14:20:00,SFO,PHL,UA,202,1330
4/16/16,14:05:00,LAS,PHX,WN,1800,1331
12/4/15,7:00:00,CLE,LAS,WN,2993,1332
12/4/15,7:00:00,CLE,LAS,WN,2993,1332
9/19/16,10:35:00,ROC,ORD,EV,3924,1333
7/29/16,6:05:00,ATL,DEN,WN,190,1334
8/7/16,19:54:00,ATL,GTR,EV,5095,1335
11/29/15,19:40:00,DEN,ISN,OO,6524,1336
5/31/16,12:45:00,OGG,LIH,HA,379,1337
5/9/16,6:00:00,HPN,ATL,EV,5387,1338
12/15/15,10:00:00,LAX,SFO,DL,2758,1339
12/15/15,10:00:00,LAX,SFO,DL,2758,1339
4/11/16,17:45:00,BOS,LAX,VX,367,1340
4/11/16,17:45:00,BOS,LAX,VX,367,1340
2/1/16,14:25:00,GSP,ATL,DL,1209,1341
1/5/16,20:27:00,DCA,EWR,EV,5816,1342
1/5/16,20:27:00,DCA,EWR,EV,5816,1342
11/24/15,19:35:00,MSY,DCA,WN,342,1343
11/18/15,7:35:00,SLC,LAX,OO,6465,1344
11/18/15,7:35:00,SLC,LAX,OO,6465,1344
7/24/16,11:13:00,JFK,SJU,B6,403,1345
7/24/16,11:13:00,JFK,SJU,B6,403,1345
6/24/16,15:50:00,ORD,IAH,UA,1290,1346
4/6/16,8:06:00,TYS,DFW,EV,2811,1347
2/26/16,15:40:00,IND,MCO,F9,1196,1348
2/14/16,18:20:00,FLL,IAH,NK,619,1349
5/21/16,17:55:00,TPA,PHX,WN,245,1350
5/27/16,19:55:00,DEN,ISN,OO,5729,1351
6/20/16,12:50:00,IAH,LFT,OO,6043,1352
11/30/15,19:55:00,JFK,SJU,DL,2826,1353
5/7/16,9:30:00,OAK,SEA,AS,353,1354
7/26/16,11:55:00,FLL,BDL,WN,745,1355
5/8/16,17:26:00,LAS,DEN,NK,720,1356
5/8/16,17:26:00,LAS,DEN,NK,720,1356
6/22/16,17:36:00,ORD,JFK,B6,606,1357
6/13/16,6:25:00,BTR,ATL,EV,5054,1358
6/13/16,6:25:00,BTR,ATL,EV,5054,1358
8/12/16,6:50:00,OAK,LAX,WN,2017,1359
9/25/16,19:45:00,MSP,ATL,DL,591,1360
2/10/16,16:14:00,RDD,SFO,OO,5426,1361
2/10/16,16:14:00,RDD,SFO,OO,5426,1361
1/9/16,16:39:00,SFO,SLC,OO,4717,1362
1/12/16,7:55:00,CLE,ATL,DL,2636,1363
2/6/16,13:21:00,ACY,TPA,NK,341,1364
2/6/16,13:21:00,ACY,TPA,NK,341,1364
3/24/16,6:59:00,DTW,PHL,AA,736,1365
7/11/16,12:15:00,RDU,BWI,WN,139,1366
2/21/16,13:00:00,SAV,ATL,DL,2234,1367
9/28/16,8:00:00,PHX,SEA,AS,637,1368
3/26/16,18:20:00,PHX,LAS,WN,3117,1369
3/26/16,18:20:00,PHX,LAS,WN,3117,1369
11/25/15,19:50:00,PHX,MSP,AA,2027,1370
7/21/16,19:25:00,ROC,EWR,EV,4313,1371
7/21/16,19:25:00,ROC,EWR,EV,4313,1371
6/13/16,16:50:00,SLC,SGU,OO,7395,1372
3/14/16,12:10:00,ATL,ROA,EV,5305,1373
3/22/16,19:57:00,MIA,MCO,DL,197,1374
3/22/16,19:57:00,MIA,MCO,DL,197,1374
12/20/15,14:02:00,GSO,ATL,EV,5220,1375
12/8/15,17:00:00,AGS,ATL,EV,5411,1376
6/21/16,14:34:00,DFW,STL,AA,2212,1377
6/28/16,20:15:00,ABQ,DAL,WN,1081,1378
11/29/15,18:55:00,ATL,SFO,UA,1608,1379
3/7/16,21:10:00,SLC,PHX,WN,2388,1380
5/2/16,10:45:00,MCO,CLE,F9,1415,1381
6/4/16,10:05:00,SLC,ORD,F9,1324,1382
5/16/16,17:06:00,MKE,ORD,OO,5009,1383
5/16/16,17:06:00,MKE,ORD,OO,5009,1383
11/4/15,9:40:00,SLC,MSP,DL,1280,1384
6/10/16,6:00:00,CMH,OAK,WN,972,1385
6/10/16,6:00:00,CMH,OAK,WN,972,1385
7/19/16,11:00:00,MCO,SAT,WN,2200,1386
11/30/15,12:35:00,SDF,ATL,DL,1302,1387
4/4/16,19:25:00,SEA,PSP,AS,590,1388
6/22/16,18:47:00,DTW,FLL,NK,388,1389
2/16/16,17:50:00,MOB,ATL,DL,954,1390
8/5/16,16:45:00,BOS,DTW,DL,1523,1391
2/24/16,6:16:00,KOA,HNL,HA,107,1392
1/22/16,16:45:00,ATL,BNA,DL,2176,1393
4/30/16,11:15:00,GEG,BOI,WN,362,1394
4/30/16,11:15:00,GEG,BOI,WN,362,1394
8/8/16,9:15:00,DFW,SAN,AA,1159,1395
4/23/16,8:05:00,EWR,CVG,EV,4160,1396
9/1/16,5:40:00,BDL,DTW,DL,1480,1397
4/17/16,7:35:00,EWR,BUF,EV,4322,1398
1/19/16,10:00:00,LAX,HNL,HA,3,1399
8/18/16,16:30:00,SHV,DEN,OO,5265,1400
8/18/16,16:30:00,SHV,DEN,OO,5265,1400
12/8/15,10:04:00,ORD,LIT,MQ,3560,1401
4/18/16,14:43:00,ALB,CLT,AA,2052,1402
4/18/16,14:43:00,ALB,CLT,AA,2052,1402
5/13/16,8:00:00,COS,DEN,OO,5409,1403
5/13/16,8:00:00,COS,DEN,OO,5409,1403
8/5/16,23:55:00,ANC,SEA,AS,162,1404
8/28/16,12:34:00,BZN,ORD,UA,1826,1405
8/28/16,12:34:00,BZN,ORD,UA,1826,1405
8/29/16,10:15:00,TVC,DTW,OO,4494,1406
5/29/16,18:45:00,ISP,BWI,WN,3959,1407
5/31/16,7:30:00,GEG,OAK,WN,541,1408
5/31/16,7:30:00,GEG,OAK,WN,541,1408
6/19/16,13:45:00,ATL,STL,DL,2084,1409
6/19/16,13:45:00,ATL,STL,DL,2084,1409
7/12/16,20:30:00,DTW,DCA,DL,1220,1410
12/18/15,10:37:00,OAK,LAX,OO,4722,1411
9/30/16,11:17:00,DEN,ONT,UA,74,1412
8/30/16,18:19:00,DLH,ORD,OO,5031,1413
8/30/16,18:19:00,DLH,ORD,OO,5031,1413
7/26/16,17:30:00,MDW,FNT,WN,1377,1414
8/4/16,17:40:00,DEN,DFW,UA,305,1415
4/29/16,6:00:00,MSY,DAL,WN,2790,1416
4/29/16,6:00:00,MSY,DAL,WN,2790,1416
1/24/16,19:00:00,EWR,DCA,EV,4375,1417
12/17/15,11:05:00,DTW,ATL,WN,349,1418
8/16/16,16:30:00,SMF,BOI,WN,2062,1419
5/7/16,6:26:00,MRY,LAX,OO,5018,1420
11/25/15,11:20:00,DEN,PSP,UA,1482,1421
12/3/15,9:16:00,ORD,MSP,UA,203,1422
3/2/16,10:25:00,BWI,MHT,WN,845,1423
1/23/16,6:15:00,PIT,DTW,DL,2230,1424
1/11/16,10:42:00,SFO,IAD,UA,309,1425
9/12/16,20:05:00,AUS,DAL,WN,4030,1426
2/14/16,11:05:00,SEA,MSY,AS,788,1427
8/17/16,8:15:00,CMH,DCA,WN,1050,1428
8/17/16,8:15:00,CMH,DCA,WN,1050,1428
3/8/16,14:30:00,PHL,MSP,DL,2609,1429
4/9/16,6:40:00,JAX,ATL,WN,631,1430
9/30/16,9:00:00,IAH,DEN,UA,1126,1431
7/29/16,8:35:00,HNL,LIH,HA,303,1432
7/29/16,8:35:00,HNL,LIH,HA,303,1432
5/21/16,9:20:00,KOA,OGG,HA,349,1433
3/13/16,6:30:00,BTR,ATL,EV,5210,1434
7/8/16,16:20:00,CVG,LAS,DL,1431,1435
8/19/16,13:05:00,SBN,MSP,OO,4659,1436
9/6/16,18:09:00,OGG,HNL,HA,325,1437
9/6/16,18:09:00,OGG,HNL,HA,325,1437
7/10/16,13:00:00,FNT,MSP,OO,4475,1438
6/10/16,8:50:00,ATL,BHM,DL,1922,1439
2/14/16,15:35:00,IAH,GPT,EV,4386,1440
8/4/16,16:30:00,EWR,ORD,UA,1971,1441
5/29/16,17:37:00,DFW,ORD,OO,5401,1442
1/5/16,12:50:00,BWI,FLL,WN,390,1443
3/28/16,12:05:00,OKC,HOU,WN,4523,1444
3/28/16,12:05:00,OKC,HOU,WN,4523,1444
7/13/16,8:35:00,OAK,LGB,WN,972,1445
6/14/16,6:10:00,DEN,ATL,DL,1517,1446
6/7/16,17:45:00,SEA,LAX,AS,474,1447
7/13/16,7:10:00,MCO,ATL,DL,1618,1448
6/4/16,11:20:00,ATL,ORD,AA,2724,1449
6/4/16,11:20:00,ATL,ORD,AA,2724,1449
11/6/15,16:55:00,LIH,HNL,HA,190,1450
7/26/16,15:35:00,PHX,LAS,WN,660,1451
5/12/16,20:00:00,DTW,GRR,DL,2155,1452
5/12/16,20:00:00,DTW,GRR,DL,2155,1452
1/28/16,9:06:00,ATL,AVL,EV,5226,1453
3/30/16,19:08:00,SMF,SLC,OO,4494,1454
3/28/16,14:12:00,ATL,RSW,DL,1907,1455
8/8/16,17:25:00,DTW,RDU,DL,1899,1456
2/6/16,20:03:00,MSP,BZN,DL,2388,1457
4/21/16,18:25:00,HOU,PHX,WN,429,1458
3/27/16,12:50:00,ORF,BWI,WN,465,1459
3/27/16,12:50:00,ORF,BWI,WN,465,1459
12/17/15,21:10:00,BTR,DFW,EV,2842,1460
12/18/15,18:35:00,DFW,TLH,EV,2792,1461
3/13/16,17:15:00,LGA,MIA,AA,1366,1462
3/5/16,16:52:00,CHS,JFK,DL,841,1463
8/22/16,15:38:00,LAX,SFO,UA,964,1464
2/18/16,15:00:00,DEN,BNA,WN,1026,1465
7/27/16,20:20:00,DFW,GPT,EV,2845,1466
11/17/15,6:12:00,DFW,ORD,NK,940,1467
11/17/15,6:12:00,DFW,ORD,NK,940,1467
3/5/16,8:25:00,PHL,MSP,DL,999,1468
7/6/16,9:30:00,ORD,DEN,UA,605,1469
5/4/16,19:50:00,TPA,MDW,WN,1435,1470
6/11/16,9:17:00,CLE,ORD,OO,5343,1471
8/18/16,5:40:00,DFW,ATL,DL,1890,1472
3/14/16,12:05:00,BOS,JFK,B6,117,1473
3/5/16,6:15:00,DFW,PHL,AA,1316,1474
9/26/16,12:47:00,LAX,LAS,AA,1203,1475
12/7/15,20:01:00,DTW,RDU,DL,1210,1476
12/7/15,20:01:00,DTW,RDU,DL,1210,1476
5/11/16,12:40:00,DFW,LAS,AA,670,1477
5/11/16,12:40:00,DFW,LAS,AA,670,1477
2/7/16,12:05:00,DFW,GPT,EV,2848,1478
6/18/16,0:05:00,SEA,IAH,UA,1776,1479
9/21/16,7:25:00,TPA,ALB,WN,2855,1480
9/24/16,18:00:00,IAH,SEA,AS,755,1481
6/28/16,16:15:00,EWR,DAY,EV,4201,1482
5/3/16,16:25:00,PHX,AUS,WN,1311,1483
7/9/16,18:27:00,AVL,ATL,EV,5259,1484
5/26/16,18:00:00,ORF,BWI,WN,5754,1485
6/24/16,5:45:00,OAK,DEN,WN,1318,1486
6/30/16,7:05:00,STL,DAL,WN,1200,1487
11/17/15,16:35:00,CLT,DTW,DL,1330,1488
2/7/16,10:25:00,DAL,LAS,VX,779,1489
11/28/15,5:50:00,MCI,DAL,WN,2381,1490
1/6/16,14:32:00,TUS,DEN,UA,398,1491
2/11/16,18:20:00,DAY,ORD,OO,5607,1492
9/26/16,16:25:00,PHX,HOU,WN,3399,1493
4/18/16,13:45:00,TPA,SJU,WN,2685,1494
11/29/15,17:25:00,DTW,ORD,DL,671,1495
2/24/16,6:00:00,ILM,ATL,EV,5328,1496
12/29/15,18:10:00,CLT,PIT,AA,1840,1497
2/22/16,17:21:00,BOS,PIT,B6,1685,1498
7/12/16,10:20:00,DFW,ATL,AA,1473,1499
7/31/16,21:38:00,KOA,SEA,DL,584,1500
4/29/16,18:15:00,ORD,DFW,AA,2375,1501
12/20/15,16:25:00,CLE,LAS,F9,1117,1502
11/5/15,8:50:00,MDW,SLC,WN,4061,1503
8/16/16,20:45:00,FLL,ATL,WN,1192,1504
8/16/16,20:45:00,FLL,ATL,WN,1192,1504
1/18/16,17:34:00,BOS,LGB,B6,405,1505
1/2/16,11:45:00,BWI,DAY,WN,1324,1506
2/16/16,15:44:00,SLC,GTF,OO,4592,1507
12/14/15,22:15:00,MDW,MSP,WN,2237,1508
9/23/16,6:55:00,MSP,MCI,DL,2087,1509
6/26/16,13:45:00,ATL,CSG,EV,5566,1510
7/20/16,6:30:00,MSP,BWI,WN,3639,1511
2/28/16,21:55:00,LGA,BUF,DL,2503,1512
8/12/16,5:55:00,MCI,STL,WN,2111,1513
8/23/16,17:10:00,MCO,ORF,WN,1769,1514
8/28/16,8:30:00,RAP,SLC,OO,4574,1515
12/20/15,12:21:00,ORD,SMF,UA,2005,1516
12/20/15,12:21:00,ORD,SMF,UA,2005,1516
2/21/16,17:00:00,HNL,ITO,HA,142,1517
11/17/15,21:35:00,DAL,MEM,WN,2479,1518
1/24/16,14:36:00,ATL,DFW,AA,1473,1519
1/24/16,14:36:00,ATL,DFW,AA,1473,1519
3/22/16,7:15:00,DAL,MCI,WN,4341,1520
7/25/16,22:03:00,SEA,BOI,OO,4785,1521
7/11/16,10:20:00,OGG,SMF,AS,800,1522
12/7/15,21:44:00,MIA,LAS,AA,2203,1523
1/29/16,5:40:00,HOU,STL,WN,1616,1524
6/17/16,18:15:00,JFK,MCO,DL,2590,1525
6/17/16,18:15:00,JFK,MCO,DL,2590,1525
8/31/16,9:28:00,MSY,DFW,AA,1038,1526
9/29/16,8:36:00,SAN,FAT,OO,3478,1527
8/22/16,21:45:00,LAX,SFO,UA,1029,1528
12/28/15,18:25:00,EWR,CLT,AA,606,1529
2/12/16,20:00:00,PDX,SEA,OO,3403,1530
2/12/16,20:00:00,PDX,SEA,OO,3403,1530
1/23/16,9:40:00,SLC,DTW,DL,1763,1531
1/20/16,8:50:00,DTW,FLL,DL,1804,1532
11/11/15,9:47:00,BWI,DTW,DL,1737,1533
2/4/16,10:50:00,ORD,LAX,UA,531,1534
11/24/15,6:11:00,SMF,IAH,UA,1934,1535
11/24/15,6:11:00,SMF,IAH,UA,1934,1535
3/13/16,8:15:00,IAD,SFO,UA,492,1536
12/2/15,20:09:00,DTW,SAN,DL,1635,1537
11/30/15,10:25:00,SNA,SFO,WN,687,1538
1/20/16,16:25:00,SAN,PHX,AA,486,1539
1/20/16,16:25:00,SAN,PHX,AA,486,1539
1/1/16,5:43:00,CLE,DFW,AA,2364,1540
9/12/16,6:05:00,RNO,LAS,WN,2915,1541
2/9/16,20:19:00,SLC,LAX,DL,1211,1542
8/26/16,21:15:00,IAH,TUL,EV,4418,1543
8/26/16,21:15:00,IAH,TUL,EV,4418,1543
8/12/16,11:35:00,DEN,SFO,UA,721,1544
3/24/16,10:45:00,ATL,LGA,DL,1286,1545
7/15/16,8:15:00,LAS,DTW,NK,188,1546
9/9/16,9:00:00,BOS,SEA,AS,737,1547
11/3/15,12:05:00,BWI,CLT,AA,2017,1548
5/11/16,14:10:00,SAT,DAL,WN,3068,1549
3/9/16,14:29:00,CLT,BDL,AA,1700,1550
7/16/16,12:00:00,MCO,BWI,WN,4654,1551
8/1/16,20:18:00,MIA,IAD,AA,2706,1552
7/29/16,18:07:00,CVG,ORD,EV,4040,1553
8/8/16,16:45:00,BNA,FLL,B6,182,1554
7/12/16,8:40:00,ATL,DTW,DL,629,1555
12/10/15,15:45:00,PHL,PBI,AA,1983,1556
12/15/15,12:45:00,MCO,CVG,DL,228,1557
12/15/15,12:45:00,MCO,CVG,DL,228,1557
12/11/15,23:59:00,DEN,RDU,F9,566,1558
8/17/16,18:50:00,LAX,DFW,OO,6004,1559
8/17/16,18:50:00,LAX,DFW,OO,6004,1559
7/24/16,6:25:00,LAS,BWI,WN,1121,1560
11/8/15,20:30:00,BDL,BWI,WN,468,1561
4/7/16,9:50:00,SLC,ATL,DL,856,1562
4/22/16,11:20:00,DAL,MSY,WN,2889,1563
4/22/16,11:20:00,DAL,MSY,WN,2889,1563
3/26/16,6:30:00,BWI,LAS,WN,2792,1564
3/26/16,6:30:00,BWI,LAS,WN,2792,1564
6/27/16,18:55:00,MDW,BUF,WN,412,1565
11/19/15,21:50:00,HOU,AUS,WN,548,1566
12/26/15,10:26:00,EWR,IAH,UA,1860,1567
4/4/16,15:20:00,EWR,DEN,UA,548,1568
4/9/16,19:30:00,BOI,OAK,WN,825,1569
7/14/16,14:18:00,MCO,EWR,UA,1601,1570
7/14/16,14:18:00,MCO,EWR,UA,1601,1570
12/13/15,16:16:00,ATL,DAL,DL,2445,1571
11/22/15,17:25:00,COS,SLC,OO,4446,1572
4/9/16,14:20:00,DEN,MCO,F9,686,1573
5/19/16,7:55:00,EWR,DEN,UA,282,1574
5/19/16,7:55:00,EWR,DEN,UA,282,1574
4/20/16,17:06:00,CAK,ORD,EV,3811,1575
3/4/16,6:30:00,EWR,DEN,UA,1285,1576
11/18/15,15:16:00,DEN,DFW,OO,6203,1577
1/25/16,8:00:00,AUS,JFK,DL,475,1578
7/24/16,20:35:00,MCO,PHL,F9,1674,1579
7/8/16,8:12:00,CLE,ORD,UA,776,1580
7/28/16,17:35:00,ORD,MSN,EV,4343,1581
7/28/16,17:35:00,ORD,MSN,EV,4343,1581
3/1/16,10:55:00,CHA,ATL,EV,5273,1582
1/5/16,10:28:00,MEM,ATL,DL,1771,1583
11/1/15,10:50:00,DEN,LGA,DL,928,1584
8/11/16,7:25:00,TYS,ORD,EV,3940,1585
8/7/16,11:02:00,ORD,MCO,UA,776,1586
9/11/16,19:37:00,SFO,PDX,UA,766,1587
7/5/16,16:05:00,LAS,HOU,WN,2023,1588
7/5/16,16:05:00,LAS,HOU,WN,2023,1588
2/4/16,6:10:00,LAS,DTW,DL,1932,1589
2/4/16,6:10:00,LAS,DTW,DL,1932,1589
1/27/16,16:35:00,BWI,BDL,WN,1532,1590
2/23/16,8:35:00,LGA,DEN,WN,2670,1591
9/22/16,7:00:00,LAX,SFO,VX,925,1592
2/22/16,9:02:00,MFE,DFW,AA,1565,1593
12/3/15,9:35:00,SEA,MSP,AS,36,1594
11/8/15,11:56:00,ORD,LGA,AA,1390,1595
11/8/15,11:56:00,ORD,LGA,AA,1390,1595
9/2/16,10:30:00,FLL,BWI,WN,364,1596
9/2/16,10:30:00,FLL,BWI,WN,364,1596
6/24/16,10:51:00,HNL,LAX,DL,612,1597
2/22/16,17:30:00,BUR,OAK,WN,1046,1598
7/21/16,10:59:00,RIC,DTW,EV,5359,1599
7/21/16,10:59:00,RIC,DTW,EV,5359,1599
2/5/16,9:45:00,CLT,LAX,AA,2057,1600
8/26/16,7:00:00,MKE,ATL,DL,2539,1601
12/26/15,21:45:00,ATL,IND,WN,6011,1602
11/21/15,22:01:00,ATL,CAE,DL,1197,1603
12/2/15,8:16:00,DEN,IAD,UA,939,1604
2/29/16,7:15:00,ORD,MIA,AA,1317,1605
11/26/15,14:25:00,EWR,SAV,EV,5838,1606
8/19/16,7:50:00,GEG,SEA,OO,4617,1607
8/19/16,7:50:00,GEG,SEA,OO,4617,1607
6/10/16,23:05:00,LAX,SBA,OO,5040,1608
6/10/16,23:05:00,LAX,SBA,OO,5040,1608
7/1/16,7:32:00,PHX,SJC,AA,2431,1609
3/23/16,7:00:00,BUR,SEA,AS,531,1610
1/7/16,11:55:00,JFK,SFO,VX,25,1611
1/7/16,11:55:00,JFK,SFO,VX,25,1611
12/26/15,8:30:00,SFO,MCO,UA,234,1612
12/28/15,7:40:00,PHL,SEA,AA,1939,1613
9/14/16,17:35:00,DEN,RAP,OO,5372,1614
9/14/16,17:35:00,DEN,RAP,OO,5372,1614
7/6/16,21:31:00,ATL,PIA,EV,5551,1615
7/6/16,21:31:00,ATL,PIA,EV,5551,1615
4/25/16,20:50:00,MIA,LGA,AA,376,1616
8/2/16,12:05:00,IND,DEN,WN,902,1617
6/2/16,11:25:00,MSP,RAP,OO,4699,1618
2/17/16,15:57:00,IND,MSP,DL,1951,1619
2/17/16,15:57:00,IND,MSP,DL,1951,1619
5/2/16,9:50:00,CLT,PIT,AA,1677,1620
5/2/16,9:50:00,CLT,PIT,AA,1677,1620
6/30/16,9:05:00,JAN,IAH,EV,4047,1621
11/28/15,15:10:00,DFW,PHX,AA,524,1622
3/28/16,5:45:00,SDF,ATL,DL,2099,1623
4/9/16,5:55:00,LAS,DEN,WN,1131,1624
8/3/16,5:45:00,PIA,ORD,EV,3990,1625
12/3/15,9:33:00,EVV,ATL,EV,5043,1626
9/15/16,10:30:00,JAX,ATL,DL,2380,1627
9/15/16,10:30:00,JAX,ATL,DL,2380,1627
3/1/16,7:15:00,IAH,LFT,EV,4030,1628
3/1/16,7:15:00,IAH,LFT,EV,4030,1628
11/3/15,18:05:00,OAJ,ATL,EV,5565,1629
11/3/15,18:05:00,OAJ,ATL,EV,5565,1629
4/13/16,12:45:00,SBN,ATL,OO,4819,1630
11/13/15,17:15:00,FLL,CLT,AA,475,1631
8/9/16,19:20:00,ONT,SMF,WN,2713,1632
9/15/16,7:35:00,ORD,FLL,UA,1417,1633
6/3/16,6:00:00,BRO,DFW,EV,2804,1634
4/13/16,14:12:00,LCH,IAH,EV,4266,1635
12/18/15,12:40:00,SFO,DAL,VX,714,1636
12/18/15,12:40:00,SFO,DAL,VX,714,1636
5/6/16,8:05:00,FLL,ATL,NK,404,1637
11/20/15,9:35:00,LAS,CMH,WN,2053,1638
5/30/16,5:45:00,MCI,IAH,UA,1837,1639
4/17/16,8:25:00,LAX,DEN,UA,393,1640
4/17/16,8:25:00,LAX,DEN,UA,393,1640
4/24/16,14:00:00,DTW,FLL,DL,1693,1641
8/16/16,18:35:00,SFO,SLC,DL,1446,1642
4/3/16,17:49:00,MSP,SJC,DL,2279,1643
4/3/16,17:49:00,MSP,SJC,DL,2279,1643
4/12/16,15:44:00,IAH,ICT,EV,4337,1644
9/27/16,11:00:00,ORD,LGA,UA,791,1645
9/27/16,11:00:00,ORD,LGA,UA,791,1645
3/2/16,22:04:00,MSP,DLH,OO,4665,1646
5/12/16,17:20:00,TPA,PHX,AA,627,1647
5/12/16,17:20:00,TPA,PHX,AA,627,1647
3/14/16,9:25:00,SJC,BUR,WN,1075,1648
1/15/16,22:10:00,BWI,ALB,WN,2066,1649
5/22/16,18:15:00,DEN,MCO,WN,459,1650
5/21/16,16:20:00,PHL,ORD,AA,1097,1651
11/26/15,5:15:00,MSN,ORD,MQ,3180,1652
11/26/15,5:15:00,MSN,ORD,MQ,3180,1652
7/20/16,22:30:00,RSW,MDW,WN,864,1653
7/20/16,22:30:00,RSW,MDW,WN,864,1653
5/6/16,20:02:00,EUG,SFO,OO,5795,1654
3/17/16,20:07:00,PHX,RNO,AA,528,1655
3/17/16,20:07:00,PHX,RNO,AA,528,1655
1/29/16,7:00:00,EWR,HOU,WN,1488,1656
6/20/16,6:00:00,DCA,MDW,WN,727,1657
11/23/15,12:57:00,CRP,IAH,EV,4699,1658
11/22/15,17:40:00,CLT,BOS,B6,1446,1659
12/27/15,19:35:00,ORD,EAU,OO,5413,1660
5/21/16,14:30:00,BNA,ATL,DL,1676,1661
11/17/15,10:33:00,CLE,ORD,MQ,3589,1662
3/26/16,8:45:00,DCA,CLT,AA,1847,1663
3/26/16,8:45:00,DCA,CLT,AA,1847,1663
2/21/16,13:55:00,SJU,IAH,UA,475,1664
7/14/16,6:00:00,GPT,DFW,EV,2805,1665
1/2/16,8:30:00,DEN,IAH,F9,248,1666
4/22/16,21:20:00,SAT,DAL,WN,3768,1667
2/13/16,5:55:00,CMH,ATL,DL,2197,1668
2/13/16,5:55:00,CMH,ATL,DL,2197,1668
6/20/16,20:00:00,DAL,MDW,WN,2006,1669
6/20/16,20:00:00,DAL,MDW,WN,2006,1669
7/20/16,9:55:00,SAN,OAK,WN,2534,1670
6/19/16,15:05:00,SEA,DEN,OO,4623,1671
8/2/16,15:02:00,ATL,MEM,DL,1281,1672
4/9/16,12:30:00,BDL,DTW,EV,5235,1673
7/15/16,16:40:00,CLE,BOS,EV,4051,1674
3/26/16,9:46:00,FLL,PHL,B6,376,1675
3/26/16,9:46:00,FLL,PHL,B6,376,1675
5/1/16,20:20:00,SEA,SMF,OO,4846,1676
6/12/16,9:08:00,MOB,ATL,EV,5212,1677
7/18/16,18:15:00,PVD,MDW,WN,1118,1678
7/9/16,10:05:00,CLE,MDW,WN,3702,1679
2/19/16,15:41:00,ATL,MLI,EV,5192,1680
3/23/16,15:32:00,BUF,DTW,EV,5348,1681
3/14/16,6:20:00,BNA,DTW,DL,1323,1682
3/14/16,6:20:00,BNA,DTW,DL,1323,1682
6/25/16,13:30:00,IAH,CLE,EV,4439,1683
11/17/15,13:10:00,PHX,PHL,AA,1896,1684
11/23/15,22:45:00,PHL,BOS,AA,558,1685
6/1/16,21:50:00,MSP,LAS,DL,2066,1686
7/26/16,10:20:00,PIT,DEN,WN,1838,1687
9/6/16,19:45:00,OMA,MSP,OO,4665,1688
5/9/16,10:35:00,DFW,SNA,AA,1560,1689
6/16/16,19:55:00,DEN,CLT,OO,5813,1690
6/16/16,19:55:00,DEN,CLT,OO,5813,1690
2/23/16,7:40:00,ORD,LEX,EV,4461,1691
5/19/16,10:00:00,PHL,TPA,AA,539,1692
9/5/16,21:40:00,MDW,DAY,WN,3164,1693
12/16/15,6:05:00,IAH,LAX,NK,217,1694
2/25/16,10:20:00,HOU,BHM,WN,174,1695
2/20/16,9:21:00,ATL,IAH,DL,1443,1696
8/6/16,12:30:00,EWR,LAX,VX,165,1697
8/13/16,15:35:00,ATL,RSW,DL,2396,1698
7/30/16,6:00:00,CID,DEN,OO,5744,1699
5/6/16,15:13:00,DEN,HYS,OO,5137,1700
12/11/15,18:00:00,DCA,MCO,AA,1876,1701
12/11/15,18:00:00,DCA,MCO,AA,1876,1701
1/24/16,17:21:00,LAS,ORD,NK,356,1702
9/28/16,20:40:00,SFO,SLC,AS,744,1703
6/26/16,9:52:00,HNL,OGG,HA,116,1704
4/25/16,12:10:00,DFW,OKC,AA,1557,1705
12/31/15,21:45:00,BOS,SJU,B6,361,1706
4/15/16,13:55:00,SLC,IDA,OO,4456,1707
8/31/16,19:40:00,DCA,TPA,B6,549,1708
9/29/16,13:25:00,MSY,BWI,WN,6355,1709
9/26/16,10:40:00,LAS,ORD,UA,597,1710
1/30/16,13:10:00,SFO,SLC,OO,4485,1711
12/23/15,18:00:00,RSW,STL,WN,2647,1712
5/1/16,7:30:00,CLT,LAX,AA,1993,1713
11/17/15,16:10:00,PHX,DTW,AA,412,1714
5/9/16,19:33:00,IAH,DEN,UA,1146,1715
1/5/16,19:45:00,TUL,IAH,OO,5227,1716
9/23/16,16:55:00,BWI,DTW,DL,1437,1717
9/23/16,16:55:00,BWI,DTW,DL,1437,1717
3/15/16,8:40:00,LAX,IAD,VX,108,1718
11/20/15,8:30:00,EWR,MSP,DL,2345,1719
9/2/16,16:25:00,LAX,LAS,WN,878,1720
9/2/16,16:25:00,LAX,LAS,WN,878,1720
7/29/16,7:34:00,ATL,CMH,DL,614,1721
7/29/16,7:34:00,ATL,CMH,DL,614,1721
12/28/15,13:08:00,MSP,LGA,DL,1496,1722
12/28/15,13:08:00,MSP,LGA,DL,1496,1722
7/22/16,11:55:00,DTW,PLN,OO,7371,1723
7/22/16,11:55:00,DTW,PLN,OO,7371,1723
12/13/15,5:35:00,PDX,DEN,UA,789,1724
12/13/15,5:35:00,PDX,DEN,UA,789,1724
11/1/15,19:59:00,ATL,ABQ,DL,305,1725
7/28/16,18:15:00,ATL,LAS,F9,1455,1726
6/27/16,8:30:00,SLC,GEG,DL,2844,1727
4/17/16,7:59:00,JFK,ORD,AA,1305,1728
4/17/16,7:59:00,JFK,ORD,AA,1305,1728
6/28/16,6:01:00,ORD,MSP,OO,5820,1729
5/15/16,9:06:00,SFO,SBP,OO,5029,1730
9/30/16,15:25:00,ATL,PVD,DL,2104,1731
11/2/15,6:15:00,OMA,SLC,OO,4667,1732
3/8/16,13:10:00,LAX,SLC,DL,2204,1733
4/24/16,13:45:00,BWI,DEN,WN,4071,1734
4/24/16,13:45:00,BWI,DEN,WN,4071,1734
3/9/16,15:35:00,BWI,RSW,WN,1251,1735
3/9/16,15:35:00,BWI,RSW,WN,1251,1735
3/24/16,11:29:00,LAS,DFW,NK,470,1736
2/2/16,17:15:00,SAN,SJC,WN,2332,1737
9/16/16,18:02:00,ATL,TLH,EV,5243,1738
7/20/16,17:00:00,LAX,HNL,AA,297,1739
3/8/16,19:35:00,PHX,BNA,WN,576,1740
3/26/16,9:15:00,ORD,LGA,OO,5241,1741
1/12/16,7:20:00,IAH,BOS,UA,1523,1742
1/12/16,7:20:00,IAH,BOS,UA,1523,1742
8/5/16,20:20:00,CLE,EWR,EV,3700,1743
8/5/16,20:20:00,CLE,EWR,EV,3700,1743
5/21/16,8:10:00,DEN,EWR,UA,1983,1744
9/3/16,23:59:00,BOS,SJU,B6,261,1745
11/25/15,15:55:00,OAK,LAS,WN,2257,1746
6/18/16,13:10:00,EUG,SFO,UA,997,1747
6/18/16,13:10:00,EUG,SFO,UA,997,1747
6/11/16,11:25:00,DFW,JFK,AA,1345,1748
4/15/16,17:02:00,DRO,DEN,OO,6030,1749
4/3/16,16:00:00,DEN,AUS,WN,2511,1750
1/31/16,6:50:00,BTR,IAH,OO,5578,1751
3/21/16,12:59:00,JAC,DFW,AA,1588,1752
4/10/16,17:50:00,PDX,LAX,AS,562,1753
4/10/16,17:50:00,PDX,LAX,AS,562,1753
6/15/16,11:05:00,HOU,DEN,WN,1625,1754
5/5/16,10:25:00,DEN,LGA,WN,1105,1755
12/4/15,12:05:00,PDX,DFW,AA,1525,1756
12/29/15,22:10:00,BNA,CMH,WN,874,1757
6/3/16,18:00:00,DFW,LAX,AA,2477,1758
6/3/16,18:00:00,DFW,LAX,AA,2477,1758
1/24/16,11:55:00,SJC,SNA,WN,118,1759
4/10/16,12:33:00,LAX,ORD,UA,1195,1760
4/10/16,12:33:00,LAX,ORD,UA,1195,1760
4/3/16,15:42:00,RST,MSP,EV,5350,1761
1/12/16,18:25:00,JAN,IAH,EV,5795,1762
2/5/16,12:25:00,ATL,BNA,DL,1257,1763
12/3/15,12:35:00,DEN,COS,OO,5698,1764
4/13/16,8:41:00,LAX,IAH,NK,216,1765
3/15/16,13:38:00,LIH,OGG,HA,210,1766
3/29/16,19:10:00,MRY,PHX,OO,2996,1767
6/3/16,7:20:00,BWI,BOS,WN,643,1768
1/14/16,8:45:00,MSP,MDW,WN,2229,1769
1/25/16,14:35:00,DEN,AUS,WN,3797,1770
3/22/16,13:25:00,FAY,ATL,EV,5264,1771
3/22/16,13:25:00,FAY,ATL,EV,5264,1771
4/12/16,9:52:00,XNA,ATL,EV,5358,1772
8/14/16,16:00:00,SAT,SAN,WN,2824,1773
4/20/16,12:10:00,PHX,FLG,OO,2950,1774
4/20/16,12:10:00,PHX,FLG,OO,2950,1774
3/26/16,16:58:00,LAX,ITO,UA,1004,1775
1/10/16,11:00:00,SLC,HLN,OO,4807,1776
7/28/16,16:46:00,ATL,IAD,DL,1442,1777
9/9/16,9:35:00,JFK,LAS,VX,251,1778
4/19/16,18:05:00,BOS,LGB,B6,405,1779
4/19/16,18:05:00,BOS,LGB,B6,405,1779
7/10/16,12:35:00,LAX,EWR,VX,166,1780
1/4/16,5:30:00,DFW,IAH,OO,5776,1781
9/12/16,20:35:00,DAL,STL,WN,2467,1782
9/12/16,20:35:00,DAL,STL,WN,2467,1782
7/21/16,8:42:00,SJU,MIA,AA,1014,1783
7/25/16,5:15:00,BNA,FLL,WN,2982,1784
1/16/16,8:20:00,RDU,ATL,DL,1137,1785
1/16/16,8:20:00,RDU,ATL,DL,1137,1785
2/17/16,7:00:00,AUS,DFW,AA,1595,1786
8/10/16,21:53:00,MIA,TPA,AA,2577,1787
2/17/16,11:20:00,SEA,JFK,DL,1473,1788
4/14/16,14:58:00,PWM,EWR,EV,4300,1789
1/11/16,6:30:00,SAN,ORD,AA,1566,1790
1/11/16,6:30:00,SAN,ORD,AA,1566,1790
1/30/16,10:30:00,ERI,ORD,EV,3274,1791
8/6/16,6:15:00,MKE,DAL,WN,3955,1792
8/6/16,6:15:00,MKE,DAL,WN,3955,1792
7/23/16,18:45:00,SEA,KTN,AS,69,1793
4/27/16,20:45:00,HNL,LAX,UA,534,1794
7/5/16,19:20:00,ABQ,LAS,WN,903,1795
5/31/16,11:45:00,TPA,JFK,DL,2650,1796
9/29/16,16:50:00,CLE,PHX,WN,2683,1797
8/31/16,18:35:00,LAX,SLC,DL,2332,1798
8/31/16,18:35:00,LAX,SLC,DL,2332,1798
11/5/15,9:30:00,SEA,OKC,OO,3426,1799
5/14/16,13:45:00,LAS,SLC,WN,1126,1800
6/3/16,8:37:00,BNA,DTW,DL,1323,1801
9/1/16,21:06:00,LIH,LAX,DL,782,1802
3/30/16,20:40:00,SMF,SFO,OO,5155,1803
3/9/16,6:00:00,BOS,MSP,DL,809,1804
4/19/16,14:30:00,DEN,PHX,OO,5568,1805
8/22/16,12:45:00,DFW,BDL,AA,1581,1806
8/22/16,12:45:00,DFW,BDL,AA,1581,1806
4/3/16,6:00:00,DCA,PHL,AA,1818,1807
4/1/16,12:30:00,EWR,FLL,UA,271,1808
6/23/16,14:46:00,LAX,IAH,UA,1817,1809
11/14/15,14:15:00,DEN,HOU,WN,3561,1810
1/2/16,6:00:00,ABQ,SFO,OO,5676,1811
9/1/16,15:45:00,MCO,CLE,F9,1612,1812
7/4/16,13:40:00,SEA,MDW,WN,1145,1813
7/4/16,13:40:00,SEA,MDW,WN,1145,1813
6/19/16,6:43:00,SFO,DEN,UA,2028,1814
6/19/16,6:43:00,SFO,DEN,UA,2028,1814
9/15/16,12:06:00,DTW,ATL,DL,528,1815
9/15/16,12:06:00,DTW,ATL,DL,528,1815
7/19/16,15:45:00,MKE,DAL,WN,1119,1816
7/19/16,15:45:00,MKE,DAL,WN,1119,1816
12/1/15,8:37:00,JFK,ATL,DL,448,1817
5/3/16,6:10:00,TUL,PHX,WN,2614,1818
8/8/16,20:27:00,DTW,FLL,DL,19,1819
4/16/16,20:34:00,MCO,HPN,B6,1294,1820
1/3/16,13:25:00,BWI,DAL,WN,4277,1821
11/6/15,10:45:00,DFW,SMF,AA,1209,1822
8/27/16,17:31:00,BOS,CLT,AA,793,1823
5/18/16,8:10:00,ATL,DAY,DL,1521,1824
1/27/16,14:15:00,TPA,FNT,WN,2092,1825
3/6/16,14:22:00,PBI,JFK,B6,1254,1826
4/29/16,18:50:00,DEN,HLN,OO,5380,1827
5/16/16,8:50:00,DFW,LAS,AA,1482,1828
9/28/16,15:15:00,EWR,ORF,EV,3953,1829
8/25/16,15:55:00,PBI,ISP,WN,2310,1830
8/25/16,15:55:00,PBI,ISP,WN,2310,1830
1/22/16,17:17:00,MAF,DEN,OO,5310,1831
4/11/16,8:20:00,LAS,PDX,WN,2978,1832
9/9/16,16:25:00,LAS,DAL,WN,436,1833
9/9/16,16:25:00,LAS,DAL,WN,436,1833
3/1/16,16:09:00,ORD,SEA,UA,1641,1834
6/21/16,10:10:00,SEA,SLC,DL,863,1835
3/25/16,8:05:00,ATL,MDW,WN,4316,1836
8/3/16,16:20:00,FLL,SJU,B6,1453,1837
7/18/16,14:30:00,DFW,LGA,AA,2182,1838
11/14/15,19:35:00,MSP,CLE,EV,5117,1839
6/11/16,18:35:00,MCO,ATL,DL,2586,1840
6/11/16,18:35:00,MCO,ATL,DL,2586,1840
1/10/16,9:30:00,DCA,BOS,AA,2139,1841
9/20/16,23:26:00,ATL,GSP,DL,1264,1842
9/20/16,23:26:00,ATL,GSP,DL,1264,1842
12/2/15,16:45:00,ORD,ATL,DL,1877,1843
12/2/15,16:45:00,ORD,ATL,DL,1877,1843
2/21/16,17:00:00,MCI,HOU,WN,1017,1844
6/12/16,8:40:00,AEX,IAH,EV,4129,1845
6/20/16,20:29:00,CLT,BOS,AA,1783,1846
2/3/16,20:52:00,SJU,JFK,DL,348,1847
3/24/16,20:59:00,ORD,PIA,EV,4343,1848
12/24/15,7:45:00,SEA,JFK,AA,44,1849
11/12/15,8:45:00,ATL,LGA,DL,2486,1850
3/1/16,7:50:00,IAH,PHL,UA,1642,1851
3/1/16,7:50:00,IAH,PHL,UA,1642,1851
3/16/16,8:05:00,MCO,STL,WN,4459,1852
7/13/16,13:30:00,RDU,MCO,DL,1731,1853
6/14/16,17:28:00,MQT,DTW,OO,7410,1854
3/24/16,11:35:00,DCA,HOU,WN,1069,1855
8/23/16,22:43:00,ATL,ECP,DL,507,1856
8/23/16,22:43:00,ATL,ECP,DL,507,1856
9/2/16,7:25:00,SLC,DEN,OO,5946,1857
5/9/16,7:10:00,PHX,BWI,WN,939,1858
5/20/16,19:25:00,BOS,SEA,B6,497,1859
8/2/16,8:10:00,LAS,LAX,OO,5293,1860
8/2/16,8:10:00,LAS,LAX,OO,5293,1860
4/27/16,12:00:00,CLE,CLT,AA,1934,1861
12/17/15,18:40:00,BWI,MHT,WN,3150,1862
9/28/16,18:25:00,MCO,ATL,DL,2586,1863
11/28/15,5:55:00,SFO,IAH,UA,1965,1864
12/7/15,7:15:00,LGA,ORD,AA,317,1865
11/5/15,16:30:00,PHX,TUL,WN,189,1866
2/27/16,16:40:00,BWI,IAH,NK,113,1867
11/12/15,17:05:00,PHL,MDW,WN,199,1868
3/12/16,19:00:00,SJU,DCA,B6,1348,1869
9/4/16,14:00:00,MIA,EWR,AA,1037,1870
8/30/16,7:45:00,ATL,LGA,DL,986,1871
1/17/16,14:00:00,SFO,DFW,AA,259,1872
3/13/16,19:50:00,JNU,ANC,AS,67,1873
2/4/16,17:00:00,EWR,DCA,EV,4299,1874
8/15/16,10:28:00,PHX,GEG,AA,586,1875
3/23/16,14:54:00,MCI,IAH,EV,4250,1876
4/28/16,19:16:00,ORD,BOI,OO,5284,1877
4/28/16,19:16:00,ORD,BOI,OO,5284,1877
4/16/16,18:55:00,DEN,SBA,OO,5399,1878
3/16/16,12:00:00,JAX,BOS,B6,1410,1879
3/16/16,12:00:00,JAX,BOS,B6,1410,1879
3/19/16,22:37:00,IAD,BOS,UA,352,1880
9/25/16,14:39:00,JFK,CHS,B6,1373,1881
8/28/16,10:00:00,LAX,SJC,WN,347,1882
5/26/16,9:50:00,SNA,PDX,AS,587,1883
5/26/16,9:50:00,SNA,PDX,AS,587,1883
4/22/16,13:11:00,IAH,MKE,EV,4047,1884
1/26/16,9:00:00,BOS,DCA,AA,2160,1885
7/2/16,7:00:00,OMA,PDX,OO,3387,1886
9/29/16,11:10:00,DFW,ORD,AA,999,1887
9/15/16,11:48:00,DCA,DFW,AA,419,1888
3/1/16,10:50:00,PHX,SJC,AA,778,1889
3/1/16,10:50:00,PHX,SJC,AA,778,1889
5/2/16,13:30:00,MDW,LGA,WN,578,1890
8/23/16,9:45:00,SNA,DEN,WN,1157,1891
11/12/15,18:00:00,DEN,IND,WN,1240,1892
6/17/16,21:00:00,IND,PHX,WN,3292,1893
8/30/16,18:40:00,ORD,MDT,UA,278,1894
5/24/16,5:55:00,ORD,ATL,DL,977,1895
8/26/16,16:02:00,ORD,LIT,EV,3998,1896
8/26/16,16:02:00,ORD,LIT,EV,3998,1896
4/5/16,7:49:00,SEA,JFK,DL,1336,1897
8/1/16,8:35:00,SLC,PHX,DL,501,1898
8/1/16,8:35:00,SLC,PHX,DL,501,1898
9/11/16,17:00:00,HOU,TPA,WN,802,1899
7/20/16,15:40:00,BOS,RDU,B6,783,1900
7/20/16,15:40:00,BOS,RDU,B6,783,1900
6/30/16,11:30:00,MDW,DTW,WN,1989,1901
2/22/16,15:28:00,CHS,ATL,EV,5136,1902
7/8/16,7:10:00,JFK,SAV,B6,841,1903
6/3/16,18:45:00,DFW,SEA,AA,1610,1904
9/25/16,13:55:00,ATL,GRB,EV,5294,1905
9/7/16,8:05:00,DAL,LAX,VX,871,1906
12/3/15,17:05:00,MCO,ORD,AA,2198,1907
12/3/15,17:05:00,MCO,ORD,AA,2198,1907
9/19/16,18:05:00,SFO,SEA,AS,331,1908
6/3/16,11:06:00,LAX,DEN,UA,544,1909
9/17/16,18:55:00,DFW,AUS,AA,2557,1910
5/13/16,5:50:00,INL,HIB,OO,7404,1911
4/13/16,5:57:00,RAP,DEN,OO,5778,1912
5/21/16,7:00:00,SLC,ATL,DL,958,1913
5/20/16,8:10:00,BWI,RSW,WN,1834,1914
2/28/16,8:55:00,DFW,DCA,AA,152,1915
8/8/16,10:14:00,DTW,CLT,DL,1629,1916
6/1/16,21:50:00,SFO,PHX,WN,1081,1917
7/5/16,7:50:00,MDW,SLC,WN,760,1918
7/5/16,8:50:00,PHX,SAN,WN,693,1919
1/21/16,9:41:00,SJU,MIA,AA,287,1920
8/1/16,7:00:00,SNA,EWR,UA,1923,1921
2/8/16,11:05:00,SLC,BTM,OO,7377,1922
7/18/16,17:28:00,CMH,MSP,DL,2105,1923
11/5/15,19:15:00,PBI,HPN,B6,1968,1924
3/30/16,14:15:00,LIT,DAL,WN,39,1925
5/7/16,11:45:00,RNO,ORD,AA,2646,1926
2/8/16,17:00:00,SFO,DEN,WN,633,1927
11/6/15,17:00:00,EWR,LAX,UA,1600,1928
1/25/16,14:40:00,MSP,PHX,AA,660,1929
9/25/16,13:00:00,LGA,MIA,DL,1923,1930
12/17/15,20:28:00,SLC,HLN,OO,4783,1931
4/29/16,20:30:00,BUR,LAS,WN,679,1932
4/1/16,19:40:00,SFO,OGG,UA,364,1933
4/6/16,22:30:00,LAX,SMF,OO,5462,1934
4/2/16,19:45:00,PDX,SLC,OO,3434,1935
3/21/16,18:20:00,LAS,PHX,WN,2006,1936
12/14/15,8:00:00,SFO,MSP,DL,1106,1937
12/14/15,8:00:00,SFO,MSP,DL,1106,1937
5/29/16,6:25:00,ORF,MDW,WN,459,1938
6/19/16,13:54:00,SFO,BOI,OO,5192,1939
3/6/16,14:52:00,DFW,ATL,DL,1171,1940
3/6/16,14:52:00,DFW,ATL,DL,1171,1940
9/2/16,9:49:00,CLT,PIT,AA,1677,1941
9/2/16,9:49:00,CLT,PIT,AA,1677,1941
4/30/16,16:03:00,EWR,PBI,UA,1192,1942
11/10/15,10:51:00,LBB,IAH,EV,6047,1943
5/16/16,7:20:00,LAS,RNO,WN,1995,1944
7/18/16,12:10:00,SJU,FLL,B6,1054,1945
3/9/16,18:51:00,MCO,JFK,B6,84,1946
5/15/16,12:00:00,ORD,DCA,AA,327,1947
2/27/16,7:00:00,HLN,DEN,OO,5182,1948
12/7/15,10:49:00,PHL,IAH,UA,1596,1949
6/4/16,16:50:00,SLC,LAX,DL,2055,1950
12/17/15,9:35:00,ATL,DAB,DL,2387,1951
12/17/15,9:35:00,ATL,DAB,DL,2387,1951
4/16/16,7:20:00,OKC,DAL,WN,2430,1952
6/23/16,16:07:00,MEM,ATL,DL,1308,1953
7/27/16,14:00:00,SEA,LAX,DL,227,1954
8/9/16,8:05:00,DEN,ATL,OO,5250,1955
3/25/16,18:45:00,MSY,SEA,AS,787,1956
7/9/16,8:45:00,DTW,BGM,OO,7367,1957
7/9/16,8:45:00,DTW,BGM,OO,7367,1957
9/26/16,9:10:00,ISP,PBI,WN,1792,1958
9/26/16,9:10:00,ISP,PBI,WN,1792,1958
9/12/16,19:45:00,HOU,ATL,WN,2687,1959
8/19/16,10:25:00,SEA,OAK,WN,1837,1960
5/21/16,9:35:00,MDW,PHL,WN,516,1961
7/23/16,7:00:00,MCI,PHL,AA,1682,1962
1/1/16,6:00:00,OAK,LAS,NK,188,1963
6/17/16,8:00:00,DCA,ATL,DL,1139,1964
6/17/16,8:00:00,DCA,ATL,DL,1139,1964
4/25/16,13:42:00,ATL,EWN,EV,5171,1965
4/21/16,6:00:00,DCA,MIA,AA,913,1966
2/16/16,6:30:00,BOS,LGA,DL,2699,1967
6/23/16,14:10:00,MDW,MHT,WN,1481,1968
6/23/16,14:10:00,MDW,MHT,WN,1481,1968
3/26/16,11:35:00,ORD,LAS,F9,1263,1969
5/6/16,14:39:00,MSP,DEN,NK,381,1970
6/25/16,6:30:00,BDL,ORD,OO,5350,1971
6/5/16,12:00:00,TUS,ORD,AA,98,1972
7/31/16,13:05:00,CLT,SJU,AA,617,1973
11/14/15,7:45:00,ATL,LGA,DL,986,1974
8/14/16,7:40:00,TUL,HOU,WN,1749,1975
8/14/16,7:40:00,TUL,HOU,WN,1749,1975
8/30/16,6:30:00,LGA,MCO,B6,1099,1976
7/13/16,8:45:00,MDW,MSP,WN,2215,1977
11/17/15,12:19:00,ORD,LSE,MQ,3497,1978
6/8/16,17:41:00,ATL,BWI,DL,875,1979
11/13/15,19:59:00,MIA,BWI,AA,313,1980
11/10/15,16:43:00,SHV,DFW,EV,2846,1981
9/13/16,12:45:00,EWR,MSY,UA,1741,1982
11/6/15,11:00:00,DAL,HOU,WN,17,1983
11/6/15,11:00:00,DAL,HOU,WN,17,1983
8/23/16,15:50:00,STL,MDW,WN,413,1984
6/6/16,11:05:00,LAX,SEA,AA,1832,1985
6/6/16,11:05:00,LAX,SEA,AA,1832,1985
12/23/15,10:45:00,LAS,RDU,WN,239,1986
9/1/16,13:27:00,BHM,ATL,DL,1360,1987
2/23/16,17:05:00,HOU,MAF,WN,1118,1988
11/20/15,13:35:00,LAS,BLI,AS,649,1989
11/20/15,13:35:00,LAS,BLI,AS,649,1989
5/9/16,6:13:00,MOT,DEN,OO,5572,1990
5/9/16,6:13:00,MOT,DEN,OO,5572,1990
4/12/16,15:59:00,LAS,PDX,NK,360,1991
8/21/16,9:27:00,ATL,CHS,DL,1350,1992
9/29/16,19:50:00,SNA,DEN,F9,266,1993
2/19/16,9:23:00,ITO,HNL,HA,341,1994
12/9/15,6:55:00,ORF,DFW,AA,1099,1995
5/30/16,18:50:00,SFO,ONT,OO,5087,1996
8/5/16,22:20:00,PHX,PDX,WN,3292,1997
7/1/16,21:34:00,ATL,FSM,EV,5492,1998
2/26/16,12:59:00,LGA,BOS,DL,2680,1999
12/15/15,18:55:00,ABQ,DAL,WN,298,2000
12/15/15,21:50:00,DAL,AMA,WN,151,2000
7/5/16,20:25:00,MIA,DTW,AA,2652,2001
1/25/16,19:29:00,JFK,ATL,DL,2442,2002
1/25/16,22:15:00,ATL,RSW,DL,1050,2002
7/21/16,20:35:00,BWI,PVD,WN,117,2003
11/10/15,12:10:00,LAX,DAL,WN,2881,2004
11/10/15,18:00:00,DAL,ATL,DL,2445,2004
8/9/16,16:25:00,ATL,GSP,WN,331,2005
8/9/16,17:55:00,GSP,ATL,WN,1723,2005
6/25/16,17:45:00,MCO,ATL,DL,897,2006
6/25/16,19:59:00,ATL,DFW,AA,2538,2006
9/19/16,16:00:00,BOS,ATL,DL,701,2007
9/19/16,19:45:00,ATL,PHL,AA,1731,2007
1/19/16,12:14:00,MCI,ATL,DL,2075,2008
1/19/16,19:25:00,ATL,DFW,AA,232,2008
9/16/16,10:31:00,BOS,BUF,B6,2215,2009
9/16/16,19:14:00,BUF,CLT,AA,1893,2009
8/17/16,15:32:00,MSP,FSD,OO,4586,2010
8/17/16,17:30:00,FSD,DEN,OO,5396,2010
12/25/15,7:10:00,GTF,DEN,OO,6262,2011
12/25/15,11:25:00,DEN,LGA,DL,1618,2011
5/24/16,18:25:00,DFW,DSM,AA,1371,2012
5/11/16,15:13:00,PDX,LAX,NK,991,2013
5/11/16,21:30:00,LAX,JFK,AA,10,2013
7/8/16,14:05:00,DTW,MEM,OO,4839,2014
7/8/16,19:25:00,MEM,DFW,AA,74,2014
7/24/16,6:14:00,LAX,SEA,NK,739,2015
7/24/16,22:36:00,SEA,JFK,AA,261,2015
8/5/16,20:21:00,ATL,MCO,DL,1669,2016
8/5/16,22:05:00,MCO,BNA,WN,1507,2016
4/20/16,6:15:00,SFO,MSP,DL,1106,2017
4/20/16,20:11:00,MSP,DLH,OO,4814,2017
4/18/16,15:25:00,PIT,ATL,DL,792,2018
4/18/16,20:00:00,ATL,AUS,WN,270,2018
12/14/15,14:20:00,HOU,SAT,WN,445,2019
12/14/15,18:00:00,SAT,ATL,DL,2317,2019
9/22/16,18:30:00,PHX,SAN,WN,1672,2020
9/22/16,22:00:00,SAN,MIA,AA,1042,2020
5/23/16,10:22:00,SJT,DFW,EV,2863,2021
5/23/16,17:00:00,DFW,SFO,AA,37,2021
3/14/16,6:00:00,SEA,SNA,AS,214,2022
3/14/16,19:30:00,SNA,PHX,AA,317,2022
6/3/16,22:15:00,CLT,PHX,AA,472,2023
6/3/16,23:45:00,PHX,CMH,AA,514,2023
6/10/16,11:20:00,LAX,PHX,WN,5224,2024
6/10/16,21:49:00,PHX,DEN,AA,311,2024
3/7/16,13:45:00,SEA,ANC,AS,97,2025
3/7/16,23:35:00,ANC,PHX,AA,485,2025
6/18/16,6:15:00,OMA,MCO,WN,1110,2026
6/18/16,19:15:00,MCO,LAX,AA,178,2026
5/8/16,15:40:00,BRO,DFW,EV,2786,2027
5/8/16,17:45:00,DFW,ORD,AA,280,2027
2/22/16,10:20:00,DTW,IAD,OO,3566,2028
2/22/16,16:10:00,IAD,MCO,F9,677,2028
4/29/16,5:45:00,IND,PHX,AA,403,2029
4/29/16,20:10:00,PHX,ABQ,WN,1371,2029
11/3/15,19:45:00,DEN,EUG,OO,5507,2030
7/11/16,11:30:00,LAX,DEN,F9,412,2031
7/11/16,18:20:00,DEN,DFW,AA,80,2031
8/2/16,12:00:00,DSM,LAS,WN,1234,2032
8/2/16,22:10:00,LAS,SEA,NK,1069,2032
11/16/15,15:45:00,IAH,OKC,EV,3815,2033
11/16/15,18:20:00,OKC,ATL,DL,2483,2033
1/20/16,11:40:00,GEG,LAS,WN,701,2034
1/20/16,18:40:00,LAS,LAX,AA,73,2034
7/12/16,22:22:00,HNL,LAX,UA,1229,2035
7/12/16,9:00:00,LAX,JFK,AA,2,2035
12/2/15,13:25:00,MDW,BUF,WN,2799,2036
12/2/15,20:10:00,BUF,EWR,EV,4156,2036
1/18/16,18:10:00,MCI,STL,WN,271,2037
1/18/16,19:14:00,STL,DFW,AA,2371,2037
12/10/15,12:05:00,SJT,DFW,MQ,3571,2038
12/10/15,14:48:00,DFW,ATL,DL,1171,2038
6/11/16,18:10:00,DEN,DSM,UA,1778,2039
6/28/16,18:00:00,DFW,FAT,AA,1309,2040
6/28/16,21:12:00,FAT,SFO,OO,5263,2040
12/17/15,22:05:00,MDW,ALB,WN,1589,2041
12/17/15,6:00:00,ALB,ATL,DL,2289,2041
3/8/16,17:00:00,ATL,VPS,DL,2598,2042
3/8/16,17:54:00,VPS,ATL,DL,2598,2042
1/22/16,7:25:00,HNL,SFO,UA,72,2043
1/22/16,20:35:00,SFO,LAX,AA,209,2043
3/18/16,15:03:00,MOB,IAH,EV,4102,2044
3/18/16,17:27:00,IAH,MIA,AA,1579,2044
12/7/15,7:00:00,MSN,DTW,DL,992,2045
12/7/15,20:00:00,DTW,FLL,DL,21,2045
6/8/16,8:21:00,ATL,CHA,EV,5538,2046
6/8/16,13:26:00,CHA,ATL,OO,4488,2046
3/29/16,16:30:00,EWR,BNA,WN,1167,2047
3/29/16,18:30:00,BNA,ATL,DL,1173,2047
5/16/16,12:00:00,DEN,MDW,WN,2812,2048
5/16/16,19:50:00,MDW,ABQ,WN,3018,2048
1/19/16,18:45:00,DEN,SNA,UA,562,2049
1/19/16,20:59:00,SNA,EWR,UA,1658,2049
8/14/16,5:45:00,JFK,LAX,B6,23,2050
8/14/16,10:10:00,LAX,HNL,HA,3,2050
1/14/16,18:39:00,ORD,CHO,OO,2931,2051
5/5/16,17:50:00,PBI,ATL,DL,2448,2052
5/5/16,19:59:00,ATL,CLT,AA,1998,2052
2/23/16,6:50:00,FWA,DTW,OO,4683,2053
2/23/16,13:15:00,DTW,MCO,F9,1211,2053
2/22/16,14:01:00,LGA,ORD,UA,622,2054
2/22/16,19:10:00,ORD,MCO,F9,1298,2054
11/12/15,7:59:00,LGA,DEN,DL,2594,2055
11/12/15,15:47:00,DEN,MSP,DL,162,2055
8/13/16,8:09:00,DFW,ATL,DL,1954,2056
8/13/16,22:32:00,ATL,BHM,EV,5360,2056
2/16/16,22:00:00,SLC,BOI,DL,1752,2057
2/10/16,12:17:00,VPS,ATL,EV,4918,2058
2/10/16,15:39:00,ATL,AGS,EV,5411,2058
8/5/16,7:25:00,BWI,LAX,AS,739,2059
8/5/16,17:55:00,LAX,HNL,HA,9,2059
2/2/16,16:19:00,IAH,MOB,EV,4653,2060
2/2/16,17:50:00,MOB,ATL,DL,2168,2060
2/21/16,8:00:00,MCO,LGA,DL,1526,2061
2/21/16,15:29:00,LGA,ROC,EV,5389,2061
6/20/16,7:25:00,CLE,SFO,UA,334,2062
6/20/16,12:30:00,SFO,JFK,AA,16,2062
6/10/16,20:28:00,FAI,ORD,UA,571,2063
6/10/16,17:05:00,ORD,LAS,AA,25,2063
4/28/16,9:36:00,ORF,ATL,DL,1113,2064
4/28/16,13:45:00,ATL,ORD,OO,5865,2064
1/11/16,10:43:00,ORD,TYS,OO,5520,2065
1/11/16,13:49:00,TYS,ORD,OO,6475,2065
12/20/15,16:00:00,IAD,ATL,F9,1493,2066
12/20/15,19:10:00,ATL,DFW,DL,29,2066
3/30/16,17:55:00,PVD,PHL,AA,824,2067
3/30/16,20:50:00,PHL,DFW,AA,1327,2067
4/21/16,11:42:00,JAN,IAH,EV,3973,2068
4/21/16,17:50:00,IAH,MCI,OO,5860,2068
8/21/16,9:00:00,LFT,IAH,EV,4295,2069
8/21/16,12:15:00,IAH,DEN,F9,247,2069
7/1/16,22:45:00,BWI,ALB,WN,1067,2070
7/4/16,15:20:00,ORD,ALB,OO,3100,2071
7/4/16,19:15:00,ALB,CLT,AA,1785,2071
6/23/16,20:20:00,SMF,BUR,WN,3570,2072
6/23/16,21:40:00,BUR,JFK,B6,358,2072
4/1/16,9:55:00,ATL,AUS,DL,1858,2073
4/1/16,20:20:00,AUS,SAN,WN,410,2073
3/26/16,17:15:00,LAS,LIT,WN,889,2074
3/22/16,18:30:00,DFW,RSW,AA,97,2075
1/21/16,14:40:00,PHL,BOS,B6,260,2076
1/21/16,18:55:00,BOS,LAX,AA,223,2076
4/4/16,6:20:00,SEA,OAK,AS,342,2077
4/4/16,11:30:00,OAK,PDX,WN,4264,2077
6/13/16,10:50:00,SFO,EUG,UA,1513,2078
6/13/16,15:10:00,EUG,LAX,OO,3094,2078
2/17/16,14:45:00,PHX,LAS,WN,205,2079
2/17/16,23:59:00,LAS,MCO,F9,1224,2079
5/11/16,17:26:00,LAS,DEN,NK,720,2080
5/11/16,23:59:00,DEN,MIA,AA,2342,2080
11/9/15,13:53:00,KOA,SFO,UA,1263,2081
11/9/15,22:50:00,SFO,DTW,DL,1182,2081
5/22/16,8:10:00,TPA,IAD,UA,735,2082
5/22/16,11:31:00,IAD,DFW,AA,1556,2082
4/5/16,16:15:00,ORD,SLC,DL,728,2083
4/5/16,21:50:00,SLC,PSP,OO,4824,2083
12/6/15,7:25:00,RDU,ATL,DL,1482,2084
12/6/15,17:39:00,ATL,LAS,DL,67,2084
4/1/16,6:50:00,OKC,PHX,WN,716,2085
4/1/16,9:00:00,PHX,ABQ,WN,411,2085
4/7/16,22:18:00,DEN,IAH,UA,194,2086
4/7/16,17:50:00,IAH,MCI,OO,5860,2086
5/19/16,9:11:00,TYS,ORD,EV,3826,2087
5/19/16,17:05:00,ORD,LAS,AA,25,2087
3/30/16,12:35:00,MSY,ORD,UA,1603,2088
3/30/16,17:15:00,ORD,SEA,AA,41,2088
5/19/16,6:00:00,EWR,DEN,WN,3230,2089
5/19/16,8:15:00,DEN,DFW,AA,158,2089
3/28/16,5:45:00,SAT,SFO,UA,133,2090
3/28/16,11:25:00,SFO,JFK,AA,12,2090
7/23/16,9:55:00,PHL,DEN,WN,6205,2091
7/23/16,18:20:00,DEN,DFW,AA,80,2091
8/7/16,23:59:00,DEN,MIA,F9,612,2092
8/7/16,6:37:00,MIA,IAH,UA,1138,2092
2/15/16,9:25:00,TUS,LAS,WN,953,2093
2/15/16,22:15:00,LAS,CLE,F9,1114,2093
3/31/16,19:31:00,BOS,CLE,EV,4159,2094
3/31/16,21:38:00,CLE,DCA,EV,4398,2094
9/27/16,19:45:00,RDU,ATL,DL,743,2095
9/27/16,22:16:00,ATL,CVG,DL,31,2095
5/7/16,8:15:00,SFO,MIA,AA,208,2096
5/7/16,21:51:00,MIA,MCO,AA,39,2096
11/19/15,18:10:00,SAN,SFO,WN,2404,2097
11/19/15,22:50:00,SFO,DTW,DL,1182,2097
7/28/16,5:25:00,MHT,BWI,WN,935,2098
7/28/16,19:02:00,BWI,DFW,AA,1106,2098
6/9/16,10:10:00,SMF,BUR,WN,1129,2099
6/9/16,17:20:00,BUR,SEA,AS,577,2099